type,battleTime,isLadderTournament,arena_id,arena_name,gameMode_id,gameMode_name,replayTag,deckSelection,team_0_tag,team_0_name,team_0_crowns,team_0_kingTowerHitPoints,team_0_princessTowersHitPoints,team_0_clan_tag,team_0_clan_name,team_0_clan_badgeId,team_0_cards_0_name,team_0_cards_0_id,team_0_cards_0_level,team_0_cards_0_starLevel,team_0_cards_0_evolutionLevel,team_0_cards_0_maxLevel,team_0_cards_0_maxEvolutionLevel,team_0_cards_0_rarity,team_0_cards_0_elixirCost,team_0_cards_0_iconUrls_medium,team_0_cards_0_iconUrls_evolutionMedium,team_0_cards_1_name,team_0_cards_1_id,team_0_cards_1_level,team_0_cards_1_starLevel,team_0_cards_1_evolutionLevel,team_0_cards_1_maxLevel,team_0_cards_1_maxEvolutionLevel,team_0_cards_1_rarity,team_0_cards_1_elixirCost,team_0_cards_1_iconUrls_medium,team_0_cards_1_iconUrls_evolutionMedium,team_0_cards_2_name,team_0_cards_2_id,team_0_cards_2_level,team_0_cards_2_starLevel,team_0_cards_2_maxLevel,team_0_cards_2_rarity,team_0_cards_2_elixirCost,team_0_cards_2_iconUrls_medium,team_0_cards_3_name,team_0_cards_3_id,team_0_cards_3_level,team_0_cards_3_starLevel,team_0_cards_3_maxLevel,team_0_cards_3_rarity,team_0_cards_3_elixirCost,team_0_cards_3_iconUrls_medium,team_0_cards_4_name,team_0_cards_4_id,team_0_cards_4_level,team_0_cards_4_starLevel,team_0_cards_4_maxLevel,team_0_cards_4_rarity,team_0_cards_4_elixirCost,team_0_cards_4_iconUrls_medium,team_0_cards_5_name,team_0_cards_5_id,team_0_cards_5_level,team_0_cards_5_starLevel,team_0_cards_5_maxLevel,team_0_cards_5_rarity,team_0_cards_5_elixirCost,team_0_cards_5_iconUrls_medium,team_0_cards_6_name,team_0_cards_6_id,team_0_cards_6_level,team_0_cards_6_starLevel,team_0_cards_6_maxLevel,team_0_cards_6_maxEvolutionLevel,team_0_cards_6_rarity,team_0_cards_6_elixirCost,team_0_cards_6_iconUrls_medium,team_0_cards_6_iconUrls_evolutionMedium,team_0_cards_7_name,team_0_cards_7_id,team_0_cards_7_level,team_0_cards_7_starLevel,team_0_cards_7_maxLevel,team_0_cards_7_rarity,team_0_cards_7_elixirCost,team_0_cards_7_iconUrls_medium,team_0_supportCards_0_name,team_0_supportCards_0_id,team_0_supportCards_0_level,team_0_supportCards_0_maxLevel,team_0_supportCards_0_rarity,team_0_supportCards_0_iconUrls_medium,team_0_globalRank,team_0_elixirLeaked,opponent_0_tag,opponent_0_name,opponent_0_trophyChange,opponent_0_crowns,opponent_0_kingTowerHitPoints,opponent_0_princessTowersHitPoints_0,opponent_0_princessTowersHitPoints_1,opponent_0_clan_tag,opponent_0_clan_name,opponent_0_clan_badgeId,opponent_0_cards_0_name,opponent_0_cards_0_id,opponent_0_cards_0_level,opponent_0_cards_0_starLevel,opponent_0_cards_0_maxLevel,opponent_0_cards_0_maxEvolutionLevel,opponent_0_cards_0_rarity,opponent_0_cards_0_elixirCost,opponent_0_cards_0_iconUrls_medium,opponent_0_cards_0_iconUrls_evolutionMedium,opponent_0_cards_1_name,opponent_0_cards_1_id,opponent_0_cards_1_level,opponent_0_cards_1_starLevel,opponent_0_cards_1_maxLevel,opponent_0_cards_1_rarity,opponent_0_cards_1_elixirCost,opponent_0_cards_1_iconUrls_medium,opponent_0_cards_2_name,opponent_0_cards_2_id,opponent_0_cards_2_level,opponent_0_cards_2_starLevel,opponent_0_cards_2_maxLevel,opponent_0_cards_2_rarity,opponent_0_cards_2_elixirCost,opponent_0_cards_2_iconUrls_medium,opponent_0_cards_3_name,opponent_0_cards_3_id,opponent_0_cards_3_level,opponent_0_cards_3_starLevel,opponent_0_cards_3_maxLevel,opponent_0_cards_3_maxEvolutionLevel,opponent_0_cards_3_rarity,opponent_0_cards_3_elixirCost,opponent_0_cards_3_iconUrls_medium,opponent_0_cards_3_iconUrls_evolutionMedium,opponent_0_cards_4_name,opponent_0_cards_4_id,opponent_0_cards_4_level,opponent_0_cards_4_starLevel,opponent_0_cards_4_maxLevel,opponent_0_cards_4_rarity,opponent_0_cards_4_elixirCost,opponent_0_cards_4_iconUrls_medium,opponent_0_cards_5_name,opponent_0_cards_5_id,opponent_0_cards_5_level,opponent_0_cards_5_starLevel,opponent_0_cards_5_maxLevel,opponent_0_cards_5_maxEvolutionLevel,opponent_0_cards_5_rarity,opponent_0_cards_5_elixirCost,opponent_0_cards_5_iconUrls_medium,opponent_0_cards_5_iconUrls_evolutionMedium,opponent_0_cards_6_name,opponent_0_cards_6_id,opponent_0_cards_6_level,opponent_0_cards_6_starLevel,opponent_0_cards_6_maxLevel,opponent_0_cards_6_rarity,opponent_0_cards_6_elixirCost,opponent_0_cards_6_iconUrls_medium,opponent_0_cards_7_name,opponent_0_cards_7_id,opponent_0_cards_7_level,opponent_0_cards_7_starLevel,opponent_0_cards_7_maxLevel,opponent_0_cards_7_rarity,opponent_0_cards_7_iconUrls_medium,opponent_0_supportCards_0_name,opponent_0_supportCards_0_id,opponent_0_supportCards_0_level,opponent_0_supportCards_0_maxLevel,opponent_0_supportCards_0_rarity,opponent_0_supportCards_0_iconUrls_medium,opponent_0_globalRank,opponent_0_elixirLeaked,isHostedMatch,leagueNumber,team_0_princessTowersHitPoints_0,opponent_0_cards_2_maxEvolutionLevel,opponent_0_cards_2_iconUrls_evolutionMedium,opponent_0_cards_4_maxEvolutionLevel,opponent_0_cards_4_iconUrls_evolutionMedium,opponent_0_cards_7_elixirCost,opponent_0_cards_0_evolutionLevel,opponent_0_cards_1_maxEvolutionLevel,opponent_0_cards_1_iconUrls_evolutionMedium,opponent_0_cards_1_evolutionLevel,opponent_0_cards_6_maxEvolutionLevel,opponent_0_cards_6_iconUrls_evolutionMedium,opponent_0_cards_7_maxEvolutionLevel,opponent_0_cards_7_iconUrls_evolutionMedium,team_0_trophyChange,opponent_0_princessTowersHitPoints,team_0_princessTowersHitPoints_1,team_0_startingTrophies,team_0_cards_5_maxEvolutionLevel,team_0_cards_5_iconUrls_evolutionMedium,opponent_0_startingTrophies,team_0_cards_3_maxEvolutionLevel,team_0_cards_3_iconUrls_evolutionMedium,team_0_cards_2_maxEvolutionLevel,team_0_cards_2_iconUrls_evolutionMedium,team_0_cards_4_maxEvolutionLevel,team_0_cards_4_iconUrls_evolutionMedium,boatBattleSide,boatBattleWon,newTowersDestroyed,prevTowersDestroyed,remainingTowers,team_0_cards_8_name,team_0_cards_8_id,team_0_cards_8_level,team_0_cards_8_maxLevel,team_0_cards_8_maxEvolutionLevel,team_0_cards_8_rarity,team_0_cards_8_elixirCost,team_0_cards_8_iconUrls_medium,team_0_cards_8_iconUrls_evolutionMedium,team_0_cards_9_name,team_0_cards_9_id,team_0_cards_9_level,team_0_cards_9_starLevel,team_0_cards_9_maxLevel,team_0_cards_9_rarity,team_0_cards_9_elixirCost,team_0_cards_9_iconUrls_medium,team_0_cards_10_name,team_0_cards_10_id,team_0_cards_10_level,team_0_cards_10_maxLevel,team_0_cards_10_rarity,team_0_cards_10_elixirCost,team_0_cards_10_iconUrls_medium,team_0_cards_11_name,team_0_cards_11_id,team_0_cards_11_level,team_0_cards_11_starLevel,team_0_cards_11_maxLevel,team_0_cards_11_rarity,team_0_cards_11_elixirCost,team_0_cards_11_iconUrls_medium,team_0_supportCards,opponent_0_supportCards
pathOfLegend,20240821T161349.000Z,False,54000068,Legendary Arena,72000323,Ranked1v1,#02PP8C00VG9R,collection,#999002QU,PlotoZypresse,0,702,,#GRRLL92G,Actane™️,16000043,Goblin Barrel,28000004,8,3,1,9,1,epic,3,https://api-assets.clashroyale.com/cards/300/CoZdp5PpsTH858l212lAMeJxVJ0zxv9V-f5xC8Bvj5g.png,https://api-assets.clashroyale.com/cardevolutions/300/CoZdp5PpsTH858l212lAMeJxVJ0zxv9V-f5xC8Bvj5g.png,Knight,26000000,13,3,1,14,1,common,3,https://api-assets.clashroyale.com/cards/300/jAj1Q5rclXxU9kVImGqSJxa4wEMfEhvwNQ_4jiGUuqg.png,https://api-assets.clashroyale.com/cardevolutions/300/jAj1Q5rclXxU9kVImGqSJxa4wEMfEhvwNQ_4jiGUuqg.png,The Log,28000011,5,1,6,legendary,2,https://api-assets.clashroyale.com/cards/300/_iDwuDLexHPFZ_x4_a0eP-rxCS6vwWgTs6DLauwwoaY.png,Princess,26000026,5,1,6,legendary,3,https://api-assets.clashroyale.com/cards/300/bAwMcqp9EKVIKH3ZLm_m0MqZFSG72zG-vKxpx8aKoVs.png,Inferno Tower,27000003,11,2,12,rare,5,https://api-assets.clashroyale.com/cards/300/GSHY_wrooMMLET6bG_WJB8redtwx66c4i80ipi4gYOM.png,Goblin Gang,26000041,13,3,14,common,3,https://api-assets.clashroyale.com/cards/300/NHflxzVAQT4oAz7eDfdueqpictb5vrWezn1nuqFhE4w.png,Ice Spirit,26000030,13,1,14,1,common,1,https://api-assets.clashroyale.com/cards/300/lv1budiafU9XmSdrDkk0NYyqASAFYyZ06CPysXKZXlA.png,https://api-assets.clashroyale.com/cardevolutions/300/lv1budiafU9XmSdrDkk0NYyqASAFYyZ06CPysXKZXlA.png,Rocket,28000003,11,3,12,rare,6,https://api-assets.clashroyale.com/cards/300/Ie07nQNK9CjhKOa4-arFAewi4EroqaA-86Xo7r5tx94.png,Tower Princess,159000000,13,14,common,https://api-assets.clashroyale.com/cards/300/Nzo5Gjbh7NG6O3Hyu7ev54Pu5zK7vDMR2fbpGdVsS64.png,,1.41,#QPGGGCRUV,bastreghi,30,2,5832,2530,223,#QRCJ2YCR,NÃO TEM JEITO,16000058,Valkyrie,26000011,11,2,12,1,rare,4,https://api-assets.clashroyale.com/cards/300/0lIoYf3Y_plFTzo95zZL93JVxpfb3MMgFDDhgSDGU9A.png,https://api-assets.clashroyale.com/cardevolutions/300/0lIoYf3Y_plFTzo95zZL93JVxpfb3MMgFDDhgSDGU9A.png,P.E.K.K.A,26000004,8,2,9,epic,7,https://api-assets.clashroyale.com/cards/300/MlArURKhn_zWAZY-Xj1qIRKLVKquarG25BXDjUQajNs.png,Ram Rider,26000051,5,1,6,legendary,5,https://api-assets.clashroyale.com/cards/300/QaJyerT7f7oMyZ3Fv1glKymtLSvx7YUXisAulxl7zRI.png,Wizard,26000017,11,2,12,1,rare,5,https://api-assets.clashroyale.com/cards/300/Mej7vnv4H_3p_8qPs_N6_GKahy6HDr7pU7i9eTHS84U.png,https://api-assets.clashroyale.com/cardevolutions/300/Mej7vnv4H_3p_8qPs_N6_GKahy6HDr7pU7i9eTHS84U.png,Princess,26000026,5,1,6,legendary,3,https://api-assets.clashroyale.com/cards/300/bAwMcqp9EKVIKH3ZLm_m0MqZFSG72zG-vKxpx8aKoVs.png,Zap,28000008,13,1,14,1,common,2,https://api-assets.clashroyale.com/cards/300/7dxh2-yCBy1x44GrBaL29vjqnEEeJXHEAlsi5g6D1eY.png,https://api-assets.clashroyale.com/cardevolutions/300/7dxh2-yCBy1x44GrBaL29vjqnEEeJXHEAlsi5g6D1eY.png,The Log,28000011,5,1,6,legendary,2,https://api-assets.clashroyale.com/cards/300/_iDwuDLexHPFZ_x4_a0eP-rxCS6vwWgTs6DLauwwoaY.png,Mirror,28000006,8,3,9,epic,https://api-assets.clashroyale.com/cards/300/wC6Cm9rKLEOk72zTsukVwxewKIoO4ZcMJun54zCPWvA.png,Dagger Duchess,159000002,5,6,legendary,https://api-assets.clashroyale.com/cards/300/MVj028nMLCmBuP3HlV503uxVAxFg7jyliJVZ5JYJ1h8.png,,3.74,False,5,,,,,,,,,,,,,,,,,,,,,,,,,,,,,,,,,,,,,,,,,,,,,,,,,,,,,,,,,,,,,,,,,,
pathOfLegend,20240821T161020.000Z,False,54000068,Legendary Arena,72000323,Ranked1v1,#02PP8C00UL8J,collection,#999002QU,PlotoZypresse,0,5832,,#GRRLL92G,Actane™️,16000043,Goblin Barrel,28000004,8,3,1,9,1,epic,3,https://api-assets.clashroyale.com/cards/300/CoZdp5PpsTH858l212lAMeJxVJ0zxv9V-f5xC8Bvj5g.png,https://api-assets.clashroyale.com/cardevolutions/300/CoZdp5PpsTH858l212lAMeJxVJ0zxv9V-f5xC8Bvj5g.png,Knight,26000000,13,3,1,14,1,common,3,https://api-assets.clashroyale.com/cards/300/jAj1Q5rclXxU9kVImGqSJxa4wEMfEhvwNQ_4jiGUuqg.png,https://api-assets.clashroyale.com/cardevolutions/300/jAj1Q5rclXxU9kVImGqSJxa4wEMfEhvwNQ_4jiGUuqg.png,The Log,28000011,5,1,6,legendary,2,https://api-assets.clashroyale.com/cards/300/_iDwuDLexHPFZ_x4_a0eP-rxCS6vwWgTs6DLauwwoaY.png,Princess,26000026,5,1,6,legendary,3,https://api-assets.clashroyale.com/cards/300/bAwMcqp9EKVIKH3ZLm_m0MqZFSG72zG-vKxpx8aKoVs.png,Inferno Tower,27000003,11,2,12,rare,5,https://api-assets.clashroyale.com/cards/300/GSHY_wrooMMLET6bG_WJB8redtwx66c4i80ipi4gYOM.png,Goblin Gang,26000041,13,3,14,common,3,https://api-assets.clashroyale.com/cards/300/NHflxzVAQT4oAz7eDfdueqpictb5vrWezn1nuqFhE4w.png,Ice Spirit,26000030,13,1,14,1,common,1,https://api-assets.clashroyale.com/cards/300/lv1budiafU9XmSdrDkk0NYyqASAFYyZ06CPysXKZXlA.png,https://api-assets.clashroyale.com/cardevolutions/300/lv1budiafU9XmSdrDkk0NYyqASAFYyZ06CPysXKZXlA.png,Rocket,28000003,11,3,12,rare,6,https://api-assets.clashroyale.com/cards/300/Ie07nQNK9CjhKOa4-arFAewi4EroqaA-86Xo7r5tx94.png,Tower Princess,159000000,13,14,common,https://api-assets.clashroyale.com/cards/300/Nzo5Gjbh7NG6O3Hyu7ev54Pu5zK7vDMR2fbpGdVsS64.png,,1.6,#Q0RLJ8RCP,☠️⚡ReKING⚡☠️,30,1,5832,1810,620,,,,Goblin Barrel,28000004,8,3,9,1,epic,3,https://api-assets.clashroyale.com/cards/300/CoZdp5PpsTH858l212lAMeJxVJ0zxv9V-f5xC8Bvj5g.png,https://api-assets.clashroyale.com/cardevolutions/300/CoZdp5PpsTH858l212lAMeJxVJ0zxv9V-f5xC8Bvj5g.png,Rocket,28000003,11,2,12,rare,6,https://api-assets.clashroyale.com/cards/300/Ie07nQNK9CjhKOa4-arFAewi4EroqaA-86Xo7r5tx94.png,Ice Spirit,26000030,13,,14,common,1,https://api-assets.clashroyale.com/cards/300/lv1budiafU9XmSdrDkk0NYyqASAFYyZ06CPysXKZXlA.png,The Log,28000011,5,1,6,,legendary,2,https://api-assets.clashroyale.com/cards/300/_iDwuDLexHPFZ_x4_a0eP-rxCS6vwWgTs6DLauwwoaY.png,,Tesla,27000006,13,2,14,common,4,https://api-assets.clashroyale.com/cards/300/OiwnGrxFMNiHetYEerE-UZt0L_uYNzFY7qV_CA_OxR4.png,Valkyrie,26000011,11,2,12,1,rare,4,https://api-assets.clashroyale.com/cards/300/0lIoYf3Y_plFTzo95zZL93JVxpfb3MMgFDDhgSDGU9A.png,https://api-assets.clashroyale.com/cardevolutions/300/0lIoYf3Y_plFTzo95zZL93JVxpfb3MMgFDDhgSDGU9A.png,Princess,26000026,5,,6,legendary,3,https://api-assets.clashroyale.com/cards/300/bAwMcqp9EKVIKH3ZLm_m0MqZFSG72zG-vKxpx8aKoVs.png,Goblin Gang,26000041,13,,14,common,https://api-assets.clashroyale.com/cards/300/NHflxzVAQT4oAz7eDfdueqpictb5vrWezn1nuqFhE4w.png,Tower Princess,159000000,13,14,common,https://api-assets.clashroyale.com/cards/300/Nzo5Gjbh7NG6O3Hyu7ev54Pu5zK7vDMR2fbpGdVsS64.png,,1.38,False,5,2632,1,https://api-assets.clashroyale.com/cardevolutions/300/lv1budiafU9XmSdrDkk0NYyqASAFYyZ06CPysXKZXlA.png,1,https://api-assets.clashroyale.com/cardevolutions/300/OiwnGrxFMNiHetYEerE-UZt0L_uYNzFY7qV_CA_OxR4.png,3,,,,,,,,,,,,,,,,,,,,,,,,,,,,,,,,,,,,,,,,,,,,,,,,,,,,,,,,,,,,
pathOfLegend,20240821T160703.000Z,False,54000068,Legendary Arena,72000323,Ranked1v1,#02PP8C00CPJR,collection,#999002QU,PlotoZypresse,0,2501,,#GRRLL92G,Actane™️,16000043,Goblin Barrel,28000004,8,3,1,9,1,epic,3,https://api-assets.clashroyale.com/cards/300/CoZdp5PpsTH858l212lAMeJxVJ0zxv9V-f5xC8Bvj5g.png,https://api-assets.clashroyale.com/cardevolutions/300/CoZdp5PpsTH858l212lAMeJxVJ0zxv9V-f5xC8Bvj5g.png,Knight,26000000,13,3,1,14,1,common,3,https://api-assets.clashroyale.com/cards/300/jAj1Q5rclXxU9kVImGqSJxa4wEMfEhvwNQ_4jiGUuqg.png,https://api-assets.clashroyale.com/cardevolutions/300/jAj1Q5rclXxU9kVImGqSJxa4wEMfEhvwNQ_4jiGUuqg.png,The Log,28000011,5,1,6,legendary,2,https://api-assets.clashroyale.com/cards/300/_iDwuDLexHPFZ_x4_a0eP-rxCS6vwWgTs6DLauwwoaY.png,Princess,26000026,5,1,6,legendary,3,https://api-assets.clashroyale.com/cards/300/bAwMcqp9EKVIKH3ZLm_m0MqZFSG72zG-vKxpx8aKoVs.png,Inferno Tower,27000003,11,2,12,rare,5,https://api-assets.clashroyale.com/cards/300/GSHY_wrooMMLET6bG_WJB8redtwx66c4i80ipi4gYOM.png,Goblin Gang,26000041,13,3,14,common,3,https://api-assets.clashroyale.com/cards/300/NHflxzVAQT4oAz7eDfdueqpictb5vrWezn1nuqFhE4w.png,Ice Spirit,26000030,13,1,14,1,common,1,https://api-assets.clashroyale.com/cards/300/lv1budiafU9XmSdrDkk0NYyqASAFYyZ06CPysXKZXlA.png,https://api-assets.clashroyale.com/cardevolutions/300/lv1budiafU9XmSdrDkk0NYyqASAFYyZ06CPysXKZXlA.png,Rocket,28000003,11,3,12,rare,6,https://api-assets.clashroyale.com/cards/300/Ie07nQNK9CjhKOa4-arFAewi4EroqaA-86Xo7r5tx94.png,Tower Princess,159000000,13,14,common,https://api-assets.clashroyale.com/cards/300/Nzo5Gjbh7NG6O3Hyu7ev54Pu5zK7vDMR2fbpGdVsS64.png,,3.41,#RCP9V9R8G,Angel07,30,1,5832,2253,2394,#QL29RPGR,Jamaicanos,16000167,Valkyrie,26000011,11,2,12,1,rare,4,https://api-assets.clashroyale.com/cards/300/0lIoYf3Y_plFTzo95zZL93JVxpfb3MMgFDDhgSDGU9A.png,https://api-assets.clashroyale.com/cardevolutions/300/0lIoYf3Y_plFTzo95zZL93JVxpfb3MMgFDDhgSDGU9A.png,Skeletons,26000010,13,3,14,common,1,https://api-assets.clashroyale.com/cards/300/oO7iKMU5m0cdxhYPZA3nWQiAUh2yoGgdThLWB1rVSec.png,Miner,26000032,5,2,6,legendary,3,https://api-assets.clashroyale.com/cards/300/Y4yWvdwBCg2FpAZgs8T09Gy34WOwpLZW-ttL52Ae8NE.png,Tornado,28000012,8,1,9,,epic,3,https://api-assets.clashroyale.com/cards/300/QJB-QK1QJHdw4hjpAwVSyZBozc2ZWAR9pQ-SMUyKaT0.png,,Balloon,26000006,8,3,9,epic,5,https://api-assets.clashroyale.com/cards/300/qBipxLo-3hhCnPrApp2Nn3b2NgrSrvwzWytvREev0CY.png,Cannon,27000000,13,3,14,,common,3,https://api-assets.clashroyale.com/cards/300/nZK1y-beLxO5vnlyUhK6-2zH2NzXJwqykcosqQ1cmZ8.png,,Executioner,26000045,8,2,9,epic,5,https://api-assets.clashroyale.com/cards/300/9XL5BP2mqzV8kza6KF8rOxrpCZTyuGLp2l413DTjEoM.png,Giant Snowball,28000017,13,1,14,common,https://api-assets.clashroyale.com/cards/300/7MaJLa6hK9WN2_VIshuh5DIDfGwm0wEv98gXtAxLDPs.png,Tower Princess,159000000,13,14,common,https://api-assets.clashroyale.com/cards/300/Nzo5Gjbh7NG6O3Hyu7ev54Pu5zK7vDMR2fbpGdVsS64.png,,1.46,False,5,3668,,,,,2,1,1,https://api-assets.clashroyale.com/cardevolutions/300/oO7iKMU5m0cdxhYPZA3nWQiAUh2yoGgdThLWB1rVSec.png,,,,,,,,,,,,,,,,,,,,,,,,,,,,,,,,,,,,,,,,,,,,,,,,,,,,,,,,,
pathOfLegend,20240821T160338.000Z,False,54000068,Legendary Arena,72000323,Ranked1v1,#09J8J0RV9QQJ,collection,#999002QU,PlotoZypresse,1,2126,,#GRRLL92G,Actane™️,16000043,Goblin Barrel,28000004,8,3,1,9,1,epic,3,https://api-assets.clashroyale.com/cards/300/CoZdp5PpsTH858l212lAMeJxVJ0zxv9V-f5xC8Bvj5g.png,https://api-assets.clashroyale.com/cardevolutions/300/CoZdp5PpsTH858l212lAMeJxVJ0zxv9V-f5xC8Bvj5g.png,Knight,26000000,13,3,1,14,1,common,3,https://api-assets.clashroyale.com/cards/300/jAj1Q5rclXxU9kVImGqSJxa4wEMfEhvwNQ_4jiGUuqg.png,https://api-assets.clashroyale.com/cardevolutions/300/jAj1Q5rclXxU9kVImGqSJxa4wEMfEhvwNQ_4jiGUuqg.png,The Log,28000011,5,1,6,legendary,2,https://api-assets.clashroyale.com/cards/300/_iDwuDLexHPFZ_x4_a0eP-rxCS6vwWgTs6DLauwwoaY.png,Princess,26000026,5,1,6,legendary,3,https://api-assets.clashroyale.com/cards/300/bAwMcqp9EKVIKH3ZLm_m0MqZFSG72zG-vKxpx8aKoVs.png,Inferno Tower,27000003,11,2,12,rare,5,https://api-assets.clashroyale.com/cards/300/GSHY_wrooMMLET6bG_WJB8redtwx66c4i80ipi4gYOM.png,Goblin Gang,26000041,13,3,14,common,3,https://api-assets.clashroyale.com/cards/300/NHflxzVAQT4oAz7eDfdueqpictb5vrWezn1nuqFhE4w.png,Ice Spirit,26000030,13,1,14,1,common,1,https://api-assets.clashroyale.com/cards/300/lv1budiafU9XmSdrDkk0NYyqASAFYyZ06CPysXKZXlA.png,https://api-assets.clashroyale.com/cardevolutions/300/lv1budiafU9XmSdrDkk0NYyqASAFYyZ06CPysXKZXlA.png,Rocket,28000003,11,3,12,rare,6,https://api-assets.clashroyale.com/cards/300/Ie07nQNK9CjhKOa4-arFAewi4EroqaA-86Xo7r5tx94.png,Tower Princess,159000000,13,14,common,https://api-assets.clashroyale.com/cards/300/Nzo5Gjbh7NG6O3Hyu7ev54Pu5zK7vDMR2fbpGdVsS64.png,,0.78,#QYLVRUQY8,mohammed,30,2,5832,461,,#QPC8PLYY,ARAB SHIELD ✨❤️,16000076,Valkyrie,26000011,11,2,12,1,rare,4,https://api-assets.clashroyale.com/cards/300/0lIoYf3Y_plFTzo95zZL93JVxpfb3MMgFDDhgSDGU9A.png,https://api-assets.clashroyale.com/cardevolutions/300/0lIoYf3Y_plFTzo95zZL93JVxpfb3MMgFDDhgSDGU9A.png,Zap,28000008,13,1,14,common,2,https://api-assets.clashroyale.com/cards/300/7dxh2-yCBy1x44GrBaL29vjqnEEeJXHEAlsi5g6D1eY.png,Phoenix,26000087,5,1,6,legendary,4,https://api-assets.clashroyale.com/cards/300/i0RoY1fs6ay7VAxyFEfZGIPnD002nAKcne9FtJsWBHM.png,The Log,28000011,5,1,6,,legendary,2,https://api-assets.clashroyale.com/cards/300/_iDwuDLexHPFZ_x4_a0eP-rxCS6vwWgTs6DLauwwoaY.png,,Golem,26000009,8,2,9,epic,8,https://api-assets.clashroyale.com/cards/300/npdmCnET7jmVjJvjJQkFnNSNnDxYHDBigbvIAloFMds.png,Goblin Barrel,28000004,8,3,9,1,epic,3,https://api-assets.clashroyale.com/cards/300/CoZdp5PpsTH858l212lAMeJxVJ0zxv9V-f5xC8Bvj5g.png,https://api-assets.clashroyale.com/cardevolutions/300/CoZdp5PpsTH858l212lAMeJxVJ0zxv9V-f5xC8Bvj5g.png,Witch,26000007,8,2,9,epic,5,https://api-assets.clashroyale.com/cards/300/cfwk1vzehVyHC-uloEIH6NOI0hOdofCutR5PyhIgO6w.png,Tombstone,27000009,11,2,12,rare,https://api-assets.clashroyale.com/cards/300/LjSfSbwQfkZuRJY4pVxKspZ-a0iM5KAhU8w-a_N5Z7Y.png,Tower Princess,159000000,13,14,common,https://api-assets.clashroyale.com/cards/300/Nzo5Gjbh7NG6O3Hyu7ev54Pu5zK7vDMR2fbpGdVsS64.png,,3.7,False,5,,,,,,3,1,1,https://api-assets.clashroyale.com/cardevolutions/300/7dxh2-yCBy1x44GrBaL29vjqnEEeJXHEAlsi5g6D1eY.png,1,,,,,,,,,,,,,,,,,,,,,,,,,,,,,,,,,,,,,,,,,,,,,,,,,,,,,,,,
pathOfLegend,20240821T160021.000Z,False,54000068,Legendary Arena,72000323,Ranked1v1,#008PP800LC80,collection,#999002QU,PlotoZypresse,0,5832,,#GRRLL92G,Actane™️,16000043,Goblin Barrel,28000004,8,3,1,9,1,epic,3,https://api-assets.clashroyale.com/cards/300/CoZdp5PpsTH858l212lAMeJxVJ0zxv9V-f5xC8Bvj5g.png,https://api-assets.clashroyale.com/cardevolutions/300/CoZdp5PpsTH858l212lAMeJxVJ0zxv9V-f5xC8Bvj5g.png,Knight,26000000,13,3,1,14,1,common,3,https://api-assets.clashroyale.com/cards/300/jAj1Q5rclXxU9kVImGqSJxa4wEMfEhvwNQ_4jiGUuqg.png,https://api-assets.clashroyale.com/cardevolutions/300/jAj1Q5rclXxU9kVImGqSJxa4wEMfEhvwNQ_4jiGUuqg.png,The Log,28000011,5,1,6,legendary,2,https://api-assets.clashroyale.com/cards/300/_iDwuDLexHPFZ_x4_a0eP-rxCS6vwWgTs6DLauwwoaY.png,Princess,26000026,5,1,6,legendary,3,https://api-assets.clashroyale.com/cards/300/bAwMcqp9EKVIKH3ZLm_m0MqZFSG72zG-vKxpx8aKoVs.png,Inferno Tower,27000003,11,2,12,rare,5,https://api-assets.clashroyale.com/cards/300/GSHY_wrooMMLET6bG_WJB8redtwx66c4i80ipi4gYOM.png,Goblin Gang,26000041,13,3,14,common,3,https://api-assets.clashroyale.com/cards/300/NHflxzVAQT4oAz7eDfdueqpictb5vrWezn1nuqFhE4w.png,Ice Spirit,26000030,13,1,14,1,common,1,https://api-assets.clashroyale.com/cards/300/lv1budiafU9XmSdrDkk0NYyqASAFYyZ06CPysXKZXlA.png,https://api-assets.clashroyale.com/cardevolutions/300/lv1budiafU9XmSdrDkk0NYyqASAFYyZ06CPysXKZXlA.png,Rocket,28000003,11,3,12,rare,6,https://api-assets.clashroyale.com/cards/300/Ie07nQNK9CjhKOa4-arFAewi4EroqaA-86Xo7r5tx94.png,Tower Princess,159000000,13,14,common,https://api-assets.clashroyale.com/cards/300/Nzo5Gjbh7NG6O3Hyu7ev54Pu5zK7vDMR2fbpGdVsS64.png,,0.0,#JUPLURCP,lil kiki,30,1,5832,2073,2766,#R2JLL0,Acid Flux,16000005,Royal Giant,26000024,13,2,14,1,common,6,https://api-assets.clashroyale.com/cards/300/mnlRaNtmfpQx2e6mp70sLd0ND-pKPF70Cf87_agEKg4.png,https://api-assets.clashroyale.com/cardevolutions/300/mnlRaNtmfpQx2e6mp70sLd0ND-pKPF70Cf87_agEKg4.png,Tesla,27000006,13,,14,common,4,https://api-assets.clashroyale.com/cards/300/OiwnGrxFMNiHetYEerE-UZt0L_uYNzFY7qV_CA_OxR4.png,Arrows,28000001,13,,14,common,3,https://api-assets.clashroyale.com/cards/300/Flsoci-Y6y8ZFVi5uRFTmgkPnCmMyMVrU7YmmuPvSBo.png,Executioner,26000045,8,2,9,,epic,5,https://api-assets.clashroyale.com/cards/300/9XL5BP2mqzV8kza6KF8rOxrpCZTyuGLp2l413DTjEoM.png,,Elite Barbarians,26000043,13,1,14,common,6,https://api-assets.clashroyale.com/cards/300/C88C5JH_F3lLZj6K-tLcMo5DPjrFmvzIb1R2M6xCfTE.png,Skeleton Army,26000012,8,,9,,epic,3,https://api-assets.clashroyale.com/cards/300/fAOToOi1pRy7svN2xQS6mDkhQw2pj9m_17FauaNqyl4.png,,Zap,28000008,13,1,14,common,2,https://api-assets.clashroyale.com/cards/300/7dxh2-yCBy1x44GrBaL29vjqnEEeJXHEAlsi5g6D1eY.png,Minion Horde,26000022,13,,14,common,https://api-assets.clashroyale.com/cards/300/Wyjq5l0IXHTkX9Rmpap6HaH08MvjbxFp1xBO9a47YSI.png,Tower Princess,159000000,13,14,common,https://api-assets.clashroyale.com/cards/300/Nzo5Gjbh7NG6O3Hyu7ev54Pu5zK7vDMR2fbpGdVsS64.png,,3.34,False,5,2098,,,,,5,1,1,https://api-assets.clashroyale.com/cardevolutions/300/OiwnGrxFMNiHetYEerE-UZt0L_uYNzFY7qV_CA_OxR4.png,1,1,https://api-assets.clashroyale.com/cardevolutions/300/7dxh2-yCBy1x44GrBaL29vjqnEEeJXHEAlsi5g6D1eY.png,,,,,,,,,,,,,,,,,,,,,,,,,,,,,,,,,,,,,,,,,,,,,,,,,,,,,,
pathOfLegend,20240821T155629.000Z,False,54000068,Legendary Arena,72000323,Ranked1v1,#02PP8C00QUQL,collection,#999002QU,PlotoZypresse,0,5832,,#GRRLL92G,Actane™️,16000043,Goblin Barrel,28000004,8,3,1,9,1,epic,3,https://api-assets.clashroyale.com/cards/300/CoZdp5PpsTH858l212lAMeJxVJ0zxv9V-f5xC8Bvj5g.png,https://api-assets.clashroyale.com/cardevolutions/300/CoZdp5PpsTH858l212lAMeJxVJ0zxv9V-f5xC8Bvj5g.png,Knight,26000000,13,3,1,14,1,common,3,https://api-assets.clashroyale.com/cards/300/jAj1Q5rclXxU9kVImGqSJxa4wEMfEhvwNQ_4jiGUuqg.png,https://api-assets.clashroyale.com/cardevolutions/300/jAj1Q5rclXxU9kVImGqSJxa4wEMfEhvwNQ_4jiGUuqg.png,The Log,28000011,5,1,6,legendary,2,https://api-assets.clashroyale.com/cards/300/_iDwuDLexHPFZ_x4_a0eP-rxCS6vwWgTs6DLauwwoaY.png,Princess,26000026,5,1,6,legendary,3,https://api-assets.clashroyale.com/cards/300/bAwMcqp9EKVIKH3ZLm_m0MqZFSG72zG-vKxpx8aKoVs.png,Inferno Tower,27000003,11,2,12,rare,5,https://api-assets.clashroyale.com/cards/300/GSHY_wrooMMLET6bG_WJB8redtwx66c4i80ipi4gYOM.png,Goblin Gang,26000041,13,3,14,common,3,https://api-assets.clashroyale.com/cards/300/NHflxzVAQT4oAz7eDfdueqpictb5vrWezn1nuqFhE4w.png,Ice Spirit,26000030,13,1,14,1,common,1,https://api-assets.clashroyale.com/cards/300/lv1budiafU9XmSdrDkk0NYyqASAFYyZ06CPysXKZXlA.png,https://api-assets.clashroyale.com/cardevolutions/300/lv1budiafU9XmSdrDkk0NYyqASAFYyZ06CPysXKZXlA.png,Rocket,28000003,11,3,12,rare,6,https://api-assets.clashroyale.com/cards/300/Ie07nQNK9CjhKOa4-arFAewi4EroqaA-86Xo7r5tx94.png,Tower Princess,159000000,13,14,common,https://api-assets.clashroyale.com/cards/300/Nzo5Gjbh7NG6O3Hyu7ev54Pu5zK7vDMR2fbpGdVsS64.png,,4.73,#P8JRPCUYV,lony,30,1,5832,990,3523,,,,Valkyrie,26000011,11,2,12,1,rare,4,https://api-assets.clashroyale.com/cards/300/0lIoYf3Y_plFTzo95zZL93JVxpfb3MMgFDDhgSDGU9A.png,https://api-assets.clashroyale.com/cardevolutions/300/0lIoYf3Y_plFTzo95zZL93JVxpfb3MMgFDDhgSDGU9A.png,Skeleton Army,26000012,8,3,9,epic,3,https://api-assets.clashroyale.com/cards/300/fAOToOi1pRy7svN2xQS6mDkhQw2pj9m_17FauaNqyl4.png,The Log,28000011,5,1,6,legendary,2,https://api-assets.clashroyale.com/cards/300/_iDwuDLexHPFZ_x4_a0eP-rxCS6vwWgTs6DLauwwoaY.png,Hog Rider,26000021,11,3,12,,rare,4,https://api-assets.clashroyale.com/cards/300/Ubu0oUl8tZkusnkZf8Xv9Vno5IO29Y-jbZ4fhoNJ5oc.png,,Mega Knight,26000055,5,2,6,legendary,7,https://api-assets.clashroyale.com/cards/300/O2NycChSNhn_UK9nqBXUhhC_lILkiANzPuJjtjoz0CE.png,Minions,26000005,13,3,14,,common,3,https://api-assets.clashroyale.com/cards/300/yHGpoEnmUWPGV_hBbhn-Kk-Bs838OjGzWzJJlQpQKQA.png,,Archers,26000001,13,2,14,common,3,https://api-assets.clashroyale.com/cards/300/W4Hmp8MTSdXANN8KdblbtHwtsbt0o749BbxNqmJYfA8.png,Zap,28000008,13,1,14,common,https://api-assets.clashroyale.com/cards/300/7dxh2-yCBy1x44GrBaL29vjqnEEeJXHEAlsi5g6D1eY.png,Tower Princess,159000000,13,14,common,https://api-assets.clashroyale.com/cards/300/Nzo5Gjbh7NG6O3Hyu7ev54Pu5zK7vDMR2fbpGdVsS64.png,,4.73,False,5,2895,,,,,2,,,,,1,https://api-assets.clashroyale.com/cardevolutions/300/W4Hmp8MTSdXANN8KdblbtHwtsbt0o749BbxNqmJYfA8.png,1,https://api-assets.clashroyale.com/cardevolutions/300/7dxh2-yCBy1x44GrBaL29vjqnEEeJXHEAlsi5g6D1eY.png,,,,,,,,,,,,,,,,,,,,,,,,,,,,,,,,,,,,,,,,,,,,,,,,,,,,
pathOfLegend,20240821T155151.000Z,False,54000068,Legendary Arena,72000323,Ranked1v1,#022P9YVYRRCQ,collection,#999002QU,PlotoZypresse,2,4548,,#GRRLL92G,Actane™️,16000043,Goblin Barrel,28000004,8,3,1,9,1,epic,3,https://api-assets.clashroyale.com/cards/300/CoZdp5PpsTH858l212lAMeJxVJ0zxv9V-f5xC8Bvj5g.png,https://api-assets.clashroyale.com/cardevolutions/300/CoZdp5PpsTH858l212lAMeJxVJ0zxv9V-f5xC8Bvj5g.png,Knight,26000000,13,3,1,14,1,common,3,https://api-assets.clashroyale.com/cards/300/jAj1Q5rclXxU9kVImGqSJxa4wEMfEhvwNQ_4jiGUuqg.png,https://api-assets.clashroyale.com/cardevolutions/300/jAj1Q5rclXxU9kVImGqSJxa4wEMfEhvwNQ_4jiGUuqg.png,The Log,28000011,5,1,6,legendary,2,https://api-assets.clashroyale.com/cards/300/_iDwuDLexHPFZ_x4_a0eP-rxCS6vwWgTs6DLauwwoaY.png,Princess,26000026,5,1,6,legendary,3,https://api-assets.clashroyale.com/cards/300/bAwMcqp9EKVIKH3ZLm_m0MqZFSG72zG-vKxpx8aKoVs.png,Inferno Tower,27000003,11,2,12,rare,5,https://api-assets.clashroyale.com/cards/300/GSHY_wrooMMLET6bG_WJB8redtwx66c4i80ipi4gYOM.png,Goblin Gang,26000041,13,3,14,common,3,https://api-assets.clashroyale.com/cards/300/NHflxzVAQT4oAz7eDfdueqpictb5vrWezn1nuqFhE4w.png,Ice Spirit,26000030,13,1,14,1,common,1,https://api-assets.clashroyale.com/cards/300/lv1budiafU9XmSdrDkk0NYyqASAFYyZ06CPysXKZXlA.png,https://api-assets.clashroyale.com/cardevolutions/300/lv1budiafU9XmSdrDkk0NYyqASAFYyZ06CPysXKZXlA.png,Rocket,28000003,11,3,12,rare,6,https://api-assets.clashroyale.com/cards/300/Ie07nQNK9CjhKOa4-arFAewi4EroqaA-86Xo7r5tx94.png,Tower Princess,159000000,13,14,common,https://api-assets.clashroyale.com/cards/300/Nzo5Gjbh7NG6O3Hyu7ev54Pu5zK7vDMR2fbpGdVsS64.png,,0.13,#9UYJU8QY,Nealos,,1,5443,,,#2900JL2P,APACHE heroes,16000029,Firecracker,26000064,13,1,14,1,common,3,https://api-assets.clashroyale.com/cards/300/c1rL3LO1U2D9-TkeFfAC18gP3AO8ztSwrcHMZplwL2Q.png,https://api-assets.clashroyale.com/cardevolutions/300/c1rL3LO1U2D9-TkeFfAC18gP3AO8ztSwrcHMZplwL2Q.png,Wizard,26000017,11,2,12,rare,5,https://api-assets.clashroyale.com/cards/300/Mej7vnv4H_3p_8qPs_N6_GKahy6HDr7pU7i9eTHS84U.png,Mini P.E.K.K.A,26000018,11,2,12,rare,4,https://api-assets.clashroyale.com/cards/300/Fmltc4j3Ve9vO_xhHHPEO3PRP3SmU2oKp2zkZQHRZT4.png,Bats,26000049,13,2,14,1,common,2,https://api-assets.clashroyale.com/cards/300/EnIcvO21hxiNpoI-zO6MDjLmzwPbq8Z4JPo2OKoVUjU.png,https://api-assets.clashroyale.com/cardevolutions/300/EnIcvO21hxiNpoI-zO6MDjLmzwPbq8Z4JPo2OKoVUjU.png,Ram Rider,26000051,5,1,6,legendary,5,https://api-assets.clashroyale.com/cards/300/QaJyerT7f7oMyZ3Fv1glKymtLSvx7YUXisAulxl7zRI.png,Mega Knight,26000055,5,2,6,,legendary,7,https://api-assets.clashroyale.com/cards/300/O2NycChSNhn_UK9nqBXUhhC_lILkiANzPuJjtjoz0CE.png,,Lumberjack,26000035,5,1,6,legendary,4,https://api-assets.clashroyale.com/cards/300/E6RWrnCuk13xMX5OE1EQtLEKTZQV6B78d00y8PlXt6Q.png,Zap,28000008,13,1,14,common,https://api-assets.clashroyale.com/cards/300/7dxh2-yCBy1x44GrBaL29vjqnEEeJXHEAlsi5g6D1eY.png,Dagger Duchess,159000002,5,6,legendary,https://api-assets.clashroyale.com/cards/300/MVj028nMLCmBuP3HlV503uxVAxFg7jyliJVZ5JYJ1h8.png,,0.44,False,5,2095,,,,,2,1,1,https://api-assets.clashroyale.com/cardevolutions/300/Mej7vnv4H_3p_8qPs_N6_GKahy6HDr7pU7i9eTHS84U.png,1,,,1,https://api-assets.clashroyale.com/cardevolutions/300/7dxh2-yCBy1x44GrBaL29vjqnEEeJXHEAlsi5g6D1eY.png,30,,,,,,,,,,,,,,,,,,,,,,,,,,,,,,,,,,,,,,,,,,,,,,,,,,,
pathOfLegend,20240821T154837.000Z,False,54000068,Legendary Arena,72000323,Ranked1v1,#02PP8C00YPC0,collection,#999002QU,PlotoZypresse,1,5454,,#GRRLL92G,Actane™️,16000043,Goblin Barrel,28000004,8,3,1,9,1,epic,3,https://api-assets.clashroyale.com/cards/300/CoZdp5PpsTH858l212lAMeJxVJ0zxv9V-f5xC8Bvj5g.png,https://api-assets.clashroyale.com/cardevolutions/300/CoZdp5PpsTH858l212lAMeJxVJ0zxv9V-f5xC8Bvj5g.png,Knight,26000000,13,3,1,14,1,common,3,https://api-assets.clashroyale.com/cards/300/jAj1Q5rclXxU9kVImGqSJxa4wEMfEhvwNQ_4jiGUuqg.png,https://api-assets.clashroyale.com/cardevolutions/300/jAj1Q5rclXxU9kVImGqSJxa4wEMfEhvwNQ_4jiGUuqg.png,The Log,28000011,5,1,6,legendary,2,https://api-assets.clashroyale.com/cards/300/_iDwuDLexHPFZ_x4_a0eP-rxCS6vwWgTs6DLauwwoaY.png,Princess,26000026,5,1,6,legendary,3,https://api-assets.clashroyale.com/cards/300/bAwMcqp9EKVIKH3ZLm_m0MqZFSG72zG-vKxpx8aKoVs.png,Inferno Tower,27000003,11,2,12,rare,5,https://api-assets.clashroyale.com/cards/300/GSHY_wrooMMLET6bG_WJB8redtwx66c4i80ipi4gYOM.png,Goblin Gang,26000041,13,3,14,common,3,https://api-assets.clashroyale.com/cards/300/NHflxzVAQT4oAz7eDfdueqpictb5vrWezn1nuqFhE4w.png,Ice Spirit,26000030,13,1,14,1,common,1,https://api-assets.clashroyale.com/cards/300/lv1budiafU9XmSdrDkk0NYyqASAFYyZ06CPysXKZXlA.png,https://api-assets.clashroyale.com/cardevolutions/300/lv1budiafU9XmSdrDkk0NYyqASAFYyZ06CPysXKZXlA.png,Rocket,28000003,11,3,12,rare,6,https://api-assets.clashroyale.com/cards/300/Ie07nQNK9CjhKOa4-arFAewi4EroqaA-86Xo7r5tx94.png,Tower Princess,159000000,13,14,common,https://api-assets.clashroyale.com/cards/300/Nzo5Gjbh7NG6O3Hyu7ev54Pu5zK7vDMR2fbpGdVsS64.png,,1.89,#P2JVCG2J8,Eduardo,,0,5832,3378,,#8PCQVQ2,Maracuchos,16000148,Firecracker,26000064,13,1,14,1,common,3,https://api-assets.clashroyale.com/cards/300/c1rL3LO1U2D9-TkeFfAC18gP3AO8ztSwrcHMZplwL2Q.png,https://api-assets.clashroyale.com/cardevolutions/300/c1rL3LO1U2D9-TkeFfAC18gP3AO8ztSwrcHMZplwL2Q.png,Skeleton Army,26000012,8,1,9,epic,3,https://api-assets.clashroyale.com/cards/300/fAOToOi1pRy7svN2xQS6mDkhQw2pj9m_17FauaNqyl4.png,Minion Horde,26000022,13,,14,common,5,https://api-assets.clashroyale.com/cards/300/Wyjq5l0IXHTkX9Rmpap6HaH08MvjbxFp1xBO9a47YSI.png,Arrows,28000001,13,1,14,,common,3,https://api-assets.clashroyale.com/cards/300/Flsoci-Y6y8ZFVi5uRFTmgkPnCmMyMVrU7YmmuPvSBo.png,,Sparky,26000033,4,,6,legendary,6,https://api-assets.clashroyale.com/cards/300/2GKMkBrArZXgQxf2ygFjDs4VvGYPbx8F6Lj_68iVhIM.png,Tesla,27000006,12,,14,1,common,4,https://api-assets.clashroyale.com/cards/300/OiwnGrxFMNiHetYEerE-UZt0L_uYNzFY7qV_CA_OxR4.png,https://api-assets.clashroyale.com/cardevolutions/300/OiwnGrxFMNiHetYEerE-UZt0L_uYNzFY7qV_CA_OxR4.png,Clone,28000013,7,,9,epic,3,https://api-assets.clashroyale.com/cards/300/mHVCet-1TkwWq-pxVIU2ZWY9_2z7Z7wtP25ArEUsP_g.png,Giant Skeleton,26000020,8,2,9,epic,https://api-assets.clashroyale.com/cards/300/0p0gd0XaVRu1Hb1iSG1hTYbz2AN6aEiZnhaAib5O8Z8.png,Tower Princess,159000000,13,14,common,https://api-assets.clashroyale.com/cards/300/Nzo5Gjbh7NG6O3Hyu7ev54Pu5zK7vDMR2fbpGdVsS64.png,,2.7,False,5,3514,,,,,6,,,,,,,,,30,,3052,,,,,,,,,,,,,,,,,,,,,,,,,,,,,,,,,,,,,,,,,,,,,,,,,
pathOfLegend,20240821T154516.000Z,False,54000068,Legendary Arena,72000323,Ranked1v1,#08V99Q88C0QR,collection,#999002QU,PlotoZypresse,0,5832,,#GRRLL92G,Actane™️,16000043,Goblin Barrel,28000004,8,3,1,9,1,epic,3,https://api-assets.clashroyale.com/cards/300/CoZdp5PpsTH858l212lAMeJxVJ0zxv9V-f5xC8Bvj5g.png,https://api-assets.clashroyale.com/cardevolutions/300/CoZdp5PpsTH858l212lAMeJxVJ0zxv9V-f5xC8Bvj5g.png,Knight,26000000,13,3,1,14,1,common,3,https://api-assets.clashroyale.com/cards/300/jAj1Q5rclXxU9kVImGqSJxa4wEMfEhvwNQ_4jiGUuqg.png,https://api-assets.clashroyale.com/cardevolutions/300/jAj1Q5rclXxU9kVImGqSJxa4wEMfEhvwNQ_4jiGUuqg.png,The Log,28000011,5,1,6,legendary,2,https://api-assets.clashroyale.com/cards/300/_iDwuDLexHPFZ_x4_a0eP-rxCS6vwWgTs6DLauwwoaY.png,Princess,26000026,5,1,6,legendary,3,https://api-assets.clashroyale.com/cards/300/bAwMcqp9EKVIKH3ZLm_m0MqZFSG72zG-vKxpx8aKoVs.png,Inferno Tower,27000003,11,2,12,rare,5,https://api-assets.clashroyale.com/cards/300/GSHY_wrooMMLET6bG_WJB8redtwx66c4i80ipi4gYOM.png,Goblin Gang,26000041,13,3,14,common,3,https://api-assets.clashroyale.com/cards/300/NHflxzVAQT4oAz7eDfdueqpictb5vrWezn1nuqFhE4w.png,Ice Spirit,26000030,13,1,14,1,common,1,https://api-assets.clashroyale.com/cards/300/lv1budiafU9XmSdrDkk0NYyqASAFYyZ06CPysXKZXlA.png,https://api-assets.clashroyale.com/cardevolutions/300/lv1budiafU9XmSdrDkk0NYyqASAFYyZ06CPysXKZXlA.png,Rocket,28000003,11,3,12,rare,6,https://api-assets.clashroyale.com/cards/300/Ie07nQNK9CjhKOa4-arFAewi4EroqaA-86Xo7r5tx94.png,Tower Princess,159000000,13,14,common,https://api-assets.clashroyale.com/cards/300/Nzo5Gjbh7NG6O3Hyu7ev54Pu5zK7vDMR2fbpGdVsS64.png,,0.83,#9U0RQC9CC,beasty23456,30,1,5832,1810,2579,#GQ2GJCQJ,TickTockUrDead,16000044,Firecracker,26000064,13,1,14,1,common,3,https://api-assets.clashroyale.com/cards/300/c1rL3LO1U2D9-TkeFfAC18gP3AO8ztSwrcHMZplwL2Q.png,https://api-assets.clashroyale.com/cardevolutions/300/c1rL3LO1U2D9-TkeFfAC18gP3AO8ztSwrcHMZplwL2Q.png,Tesla,27000006,13,2,14,common,4,https://api-assets.clashroyale.com/cards/300/OiwnGrxFMNiHetYEerE-UZt0L_uYNzFY7qV_CA_OxR4.png,Knight,26000000,13,3,14,common,3,https://api-assets.clashroyale.com/cards/300/jAj1Q5rclXxU9kVImGqSJxa4wEMfEhvwNQ_4jiGUuqg.png,Hog Rider,26000021,11,3,12,,rare,4,https://api-assets.clashroyale.com/cards/300/Ubu0oUl8tZkusnkZf8Xv9Vno5IO29Y-jbZ4fhoNJ5oc.png,,Ice Spirit,26000030,13,1,14,common,1,https://api-assets.clashroyale.com/cards/300/lv1budiafU9XmSdrDkk0NYyqASAFYyZ06CPysXKZXlA.png,Skeletons,26000010,13,3,14,1,common,1,https://api-assets.clashroyale.com/cards/300/oO7iKMU5m0cdxhYPZA3nWQiAUh2yoGgdThLWB1rVSec.png,https://api-assets.clashroyale.com/cardevolutions/300/oO7iKMU5m0cdxhYPZA3nWQiAUh2yoGgdThLWB1rVSec.png,Earthquake,28000014,11,3,12,rare,3,https://api-assets.clashroyale.com/cards/300/XeQXcrUu59C52DslyZVwCnbi4yamID-WxfVZLShgZmE.png,The Log,28000011,5,1,6,legendary,https://api-assets.clashroyale.com/cards/300/_iDwuDLexHPFZ_x4_a0eP-rxCS6vwWgTs6DLauwwoaY.png,Tower Princess,159000000,13,14,common,https://api-assets.clashroyale.com/cards/300/Nzo5Gjbh7NG6O3Hyu7ev54Pu5zK7vDMR2fbpGdVsS64.png,,0.28,False,5,3283,1,https://api-assets.clashroyale.com/cardevolutions/300/jAj1Q5rclXxU9kVImGqSJxa4wEMfEhvwNQ_4jiGUuqg.png,1,https://api-assets.clashroyale.com/cardevolutions/300/lv1budiafU9XmSdrDkk0NYyqASAFYyZ06CPysXKZXlA.png,2,1,1,https://api-assets.clashroyale.com/cardevolutions/300/OiwnGrxFMNiHetYEerE-UZt0L_uYNzFY7qV_CA_OxR4.png,1,,,,,,,,,,,,,,,,,,,,,,,,,,,,,,,,,,,,,,,,,,,,,,,,,,,,,,,,
pathOfLegend,20240821T154200.000Z,False,54000068,Legendary Arena,72000323,Ranked1v1,#02PP8C0098PJ,collection,#999002QU,PlotoZypresse,0,5567,,#GRRLL92G,Actane™️,16000043,Goblin Barrel,28000004,8,3,1,9,1,epic,3,https://api-assets.clashroyale.com/cards/300/CoZdp5PpsTH858l212lAMeJxVJ0zxv9V-f5xC8Bvj5g.png,https://api-assets.clashroyale.com/cardevolutions/300/CoZdp5PpsTH858l212lAMeJxVJ0zxv9V-f5xC8Bvj5g.png,Knight,26000000,13,3,1,14,1,common,3,https://api-assets.clashroyale.com/cards/300/jAj1Q5rclXxU9kVImGqSJxa4wEMfEhvwNQ_4jiGUuqg.png,https://api-assets.clashroyale.com/cardevolutions/300/jAj1Q5rclXxU9kVImGqSJxa4wEMfEhvwNQ_4jiGUuqg.png,The Log,28000011,5,1,6,legendary,2,https://api-assets.clashroyale.com/cards/300/_iDwuDLexHPFZ_x4_a0eP-rxCS6vwWgTs6DLauwwoaY.png,Princess,26000026,5,1,6,legendary,3,https://api-assets.clashroyale.com/cards/300/bAwMcqp9EKVIKH3ZLm_m0MqZFSG72zG-vKxpx8aKoVs.png,Inferno Tower,27000003,11,2,12,rare,5,https://api-assets.clashroyale.com/cards/300/GSHY_wrooMMLET6bG_WJB8redtwx66c4i80ipi4gYOM.png,Goblin Gang,26000041,13,3,14,common,3,https://api-assets.clashroyale.com/cards/300/NHflxzVAQT4oAz7eDfdueqpictb5vrWezn1nuqFhE4w.png,Ice Spirit,26000030,13,1,14,1,common,1,https://api-assets.clashroyale.com/cards/300/lv1budiafU9XmSdrDkk0NYyqASAFYyZ06CPysXKZXlA.png,https://api-assets.clashroyale.com/cardevolutions/300/lv1budiafU9XmSdrDkk0NYyqASAFYyZ06CPysXKZXlA.png,Rocket,28000003,11,3,12,rare,6,https://api-assets.clashroyale.com/cards/300/Ie07nQNK9CjhKOa4-arFAewi4EroqaA-86Xo7r5tx94.png,Tower Princess,159000000,13,14,common,https://api-assets.clashroyale.com/cards/300/Nzo5Gjbh7NG6O3Hyu7ev54Pu5zK7vDMR2fbpGdVsS64.png,,1.56,#CQV2CQ82,Alexandervlsrr_,30,1,5832,2970,1714,#QG2C2YJQ,CLÃ ZIKA,16000058,Firecracker,26000064,13,1,14,1,common,3,https://api-assets.clashroyale.com/cards/300/c1rL3LO1U2D9-TkeFfAC18gP3AO8ztSwrcHMZplwL2Q.png,https://api-assets.clashroyale.com/cardevolutions/300/c1rL3LO1U2D9-TkeFfAC18gP3AO8ztSwrcHMZplwL2Q.png,Valkyrie,26000011,11,2,12,rare,4,https://api-assets.clashroyale.com/cards/300/0lIoYf3Y_plFTzo95zZL93JVxpfb3MMgFDDhgSDGU9A.png,Balloon,26000006,8,3,9,epic,5,https://api-assets.clashroyale.com/cards/300/qBipxLo-3hhCnPrApp2Nn3b2NgrSrvwzWytvREev0CY.png,Poison,28000009,8,1,9,,epic,4,https://api-assets.clashroyale.com/cards/300/98HDkG2189yOULcVG9jz2QbJKtfuhH21DIrIjkOjxI8.png,,Lumberjack,26000035,5,1,6,legendary,4,https://api-assets.clashroyale.com/cards/300/E6RWrnCuk13xMX5OE1EQtLEKTZQV6B78d00y8PlXt6Q.png,Arrows,28000001,13,2,14,,common,3,https://api-assets.clashroyale.com/cards/300/Flsoci-Y6y8ZFVi5uRFTmgkPnCmMyMVrU7YmmuPvSBo.png,,Witch,26000007,8,2,9,epic,5,https://api-assets.clashroyale.com/cards/300/cfwk1vzehVyHC-uloEIH6NOI0hOdofCutR5PyhIgO6w.png,Night Witch,26000048,5,2,6,legendary,https://api-assets.clashroyale.com/cards/300/NpCrXDEDBBJgNv9QrBAcJmmMFbS7pe3KCY8xJ5VB18A.png,Tower Princess,159000000,13,14,common,https://api-assets.clashroyale.com/cards/300/Nzo5Gjbh7NG6O3Hyu7ev54Pu5zK7vDMR2fbpGdVsS64.png,,0.6,False,5,2194,,,,,4,,1,https://api-assets.clashroyale.com/cardevolutions/300/0lIoYf3Y_plFTzo95zZL93JVxpfb3MMgFDDhgSDGU9A.png,,,,,,,,,,,,,,,,,,,,,,,,,,,,,,,,,,,,,,,,,,,,,,,,,,,,,,,,,
seasonalBattle,20240821T130012.000Z,False,54000090,Legendary Arena,72000348,Draft_Competitive_SuperCards,#020P8Y22GJ0Y,draftCompetitive,#999002QU,PlotoZypresse,3,2176,,#GRRLL92G,Actane™️,16000043,Skeleton Barrel,26000056,11,,,14,,common,3,https://api-assets.clashroyale.com/cards/300/vCB4DWCcrGbTkarjcOiVz4aNDx6GWLm0yUepg9E1MGo.png,,Graveyard,28000010,3,,,6,,legendary,5,https://api-assets.clashroyale.com/cards/300/Icp8BIyyfBTj1ncCJS7mb82SY7TPV-MAE-J2L2R48DI.png,,Fireball,28000000,9,,12,rare,4,https://api-assets.clashroyale.com/cards/300/lZD9MILQv7O-P3XBr_xOLS5idwuz3_7Ws9G60U36yhc.png,Arrows,28000001,11,,14,common,3,https://api-assets.clashroyale.com/cards/300/Flsoci-Y6y8ZFVi5uRFTmgkPnCmMyMVrU7YmmuPvSBo.png,Skeleton Dragons,26000080,11,,14,common,4,https://api-assets.clashroyale.com/cards/300/qPOtg9uONh47_NLxGhhFc_ww9PlZ6z3Ry507q1NZUXs.png,Royal Recruits,26000047,11,,14,common,7,https://api-assets.clashroyale.com/cards/300/jcNyYGUiXXNz3kuz8NBkHNKNREQKraXlb_Ts7rhCIdM.png,,26000082,3,,0,,,,,,Ice Wizard,26000023,3,,6,legendary,3,https://api-assets.clashroyale.com/cards/300/W3dkw0HTw9n1jB-zbknY2w3wHuyuLxSRIAV5fUT1SEY.png,Tower Princess,159000000,11,14,common,https://api-assets.clashroyale.com/cards/300/Nzo5Gjbh7NG6O3Hyu7ev54Pu5zK7vDMR2fbpGdVsS64.png,,1.18,#JYR0VU8,gofrex,,2,0,,,#Q8L02CU2,CXN Clan,16000095,Goblin Gang,26000041,11,,14,,common,3,https://api-assets.clashroyale.com/cards/300/NHflxzVAQT4oAz7eDfdueqpictb5vrWezn1nuqFhE4w.png,,Mega Knight,26000055,3,,6,legendary,7,https://api-assets.clashroyale.com/cards/300/O2NycChSNhn_UK9nqBXUhhC_lILkiANzPuJjtjoz0CE.png,Poison,28000009,6,,9,epic,4,https://api-assets.clashroyale.com/cards/300/98HDkG2189yOULcVG9jz2QbJKtfuhH21DIrIjkOjxI8.png,Barbarian Barrel,28000015,6,,9,,epic,2,https://api-assets.clashroyale.com/cards/300/Gb0G1yNy0i5cIGUHin8uoFWxqntNtRPhY_jeMXg7HnA.png,,Magic Archer,26000062,3,,6,legendary,4,https://api-assets.clashroyale.com/cards/300/Avli3W7BxU9HQ2SoLiXnBgGx25FoNXUSFm7OcAk68ek.png,Goblin Cage,27000012,9,,12,1,rare,4,https://api-assets.clashroyale.com/cards/300/vD24bBgK4rSq7wx5QEbuqChtPMRFviL_ep76GwQw1yA.png,https://api-assets.clashroyale.com/cardevolutions/300/vD24bBgK4rSq7wx5QEbuqChtPMRFviL_ep76GwQw1yA.png,Santa Hog Rider,26000073,3,,6,legendary,5,https://api-assets.clashroyale.com/cards/300/Jc3S2Z0zwrTJ7BZtXN2n7iAuT4i8ytLI5IaemvzpyC0.png,Archers,26000001,11,,14,common,https://api-assets.clashroyale.com/cards/300/W4Hmp8MTSdXANN8KdblbtHwtsbt0o749BbxNqmJYfA8.png,Cannoneer,159000001,6,9,epic,https://api-assets.clashroyale.com/cards/300/cUfU4UowRdbIiRvxv0ns4ezQUNndJTy7D2q4I_K_fzg.png,,2.53,False,1,,,,,,3,,,,,,,1,https://api-assets.clashroyale.com/cardevolutions/300/W4Hmp8MTSdXANN8KdblbtHwtsbt0o749BbxNqmJYfA8.png,,,,7604,1,https://api-assets.clashroyale.com/cardevolutions/300/jcNyYGUiXXNz3kuz8NBkHNKNREQKraXlb_Ts7rhCIdM.png,6485,,,,,,,,,,,,,,,,,,,,,,,,,,,,,,,,,,,,,,,,,,,,,
seasonalBattle,20240821T102918.000Z,False,54000090,Legendary Arena,72000348,Draft_Competitive_SuperCards,#000PP2GYQ9Y8,draftCompetitive,#999002QU,PlotoZypresse,2,2947,,#GRRLL92G,Actane™️,16000043,Tornado,28000012,6,,,9,,epic,3,https://api-assets.clashroyale.com/cards/300/QJB-QK1QJHdw4hjpAwVSyZBozc2ZWAR9pQ-SMUyKaT0.png,,Elite Barbarians,26000043,11,,,14,,common,6,https://api-assets.clashroyale.com/cards/300/C88C5JH_F3lLZj6K-tLcMo5DPjrFmvzIb1R2M6xCfTE.png,,Poison,28000009,6,,9,epic,4,https://api-assets.clashroyale.com/cards/300/98HDkG2189yOULcVG9jz2QbJKtfuhH21DIrIjkOjxI8.png,Valkyrie,26000011,9,,12,rare,4,https://api-assets.clashroyale.com/cards/300/0lIoYf3Y_plFTzo95zZL93JVxpfb3MMgFDDhgSDGU9A.png,Royal Hogs,26000059,9,,12,rare,5,https://api-assets.clashroyale.com/cards/300/ASSQJG_MoVq9e81HZzo4bynMnyLNpNJMfSLb3hqydOw.png,Super Ice Golem,26000075,3,,6,legendary,4,https://api-assets.clashroyale.com/cards/300/IJ_FtHjeb7rabnA4NTVf5jP5YQ0ggIkVRkkZGRQeMbg.png,Firecracker,26000064,11,,14,1,common,3,https://api-assets.clashroyale.com/cards/300/c1rL3LO1U2D9-TkeFfAC18gP3AO8ztSwrcHMZplwL2Q.png,https://api-assets.clashroyale.com/cardevolutions/300/c1rL3LO1U2D9-TkeFfAC18gP3AO8ztSwrcHMZplwL2Q.png,Magic Archer,26000062,3,,6,legendary,4,https://api-assets.clashroyale.com/cards/300/Avli3W7BxU9HQ2SoLiXnBgGx25FoNXUSFm7OcAk68ek.png,Tower Princess,159000000,11,14,common,https://api-assets.clashroyale.com/cards/300/Nzo5Gjbh7NG6O3Hyu7ev54Pu5zK7vDMR2fbpGdVsS64.png,,0.0,#9VCGUYPLP,NALDIN,,1,4743,,,,,,Goblin Curse,28000024,6,,9,,epic,2,https://api-assets.clashroyale.com/cards/300/OQPfGgT5mHEUvPuKKt0plZT0PNtIjCqUgQ3Rm86dQ2k.png,,Cannon,27000000,11,,14,common,3,https://api-assets.clashroyale.com/cards/300/nZK1y-beLxO5vnlyUhK6-2zH2NzXJwqykcosqQ1cmZ8.png,Fireball,28000000,9,,12,rare,4,https://api-assets.clashroyale.com/cards/300/lZD9MILQv7O-P3XBr_xOLS5idwuz3_7Ws9G60U36yhc.png,Prince,26000016,6,,9,,epic,5,https://api-assets.clashroyale.com/cards/300/3JntJV62aY0G1Qh6LIs-ek-0ayeYFY3VItpG7cb9I60.png,,Mega Knight,26000055,3,,6,legendary,7,https://api-assets.clashroyale.com/cards/300/O2NycChSNhn_UK9nqBXUhhC_lILkiANzPuJjtjoz0CE.png,Santa Hog Rider,26000073,3,,6,,legendary,5,https://api-assets.clashroyale.com/cards/300/Jc3S2Z0zwrTJ7BZtXN2n7iAuT4i8ytLI5IaemvzpyC0.png,,Bats,26000049,11,,14,common,2,https://api-assets.clashroyale.com/cards/300/EnIcvO21hxiNpoI-zO6MDjLmzwPbq8Z4JPo2OKoVUjU.png,Wizard,26000017,9,,12,rare,https://api-assets.clashroyale.com/cards/300/Mej7vnv4H_3p_8qPs_N6_GKahy6HDr7pU7i9eTHS84U.png,Tower Princess,159000000,11,14,common,https://api-assets.clashroyale.com/cards/300/Nzo5Gjbh7NG6O3Hyu7ev54Pu5zK7vDMR2fbpGdVsS64.png,,8.41,False,1,1569,,,,,5,,,,,1,https://api-assets.clashroyale.com/cardevolutions/300/EnIcvO21hxiNpoI-zO6MDjLmzwPbq8Z4JPo2OKoVUjU.png,1,https://api-assets.clashroyale.com/cardevolutions/300/Mej7vnv4H_3p_8qPs_N6_GKahy6HDr7pU7i9eTHS84U.png,,,,7604,,,5011,1,https://api-assets.clashroyale.com/cardevolutions/300/0lIoYf3Y_plFTzo95zZL93JVxpfb3MMgFDDhgSDGU9A.png,,,,,,,,,,,,,,,,,,,,,,,,,,,,,,,,,,,,,,,,,,,
seasonalBattle,20240821T102525.000Z,False,54000090,Legendary Arena,72000348,Draft_Competitive_SuperCards,#09P98PJLGG09,draftCompetitive,#999002QU,PlotoZypresse,3,4824,,#GRRLL92G,Actane™️,16000043,Musketeer,26000014,9,,,12,,rare,4,https://api-assets.clashroyale.com/cards/300/Tex1C48UTq9FKtAX-3tzG0FJmc9jzncUZG3bb5Vf-Ds.png,,Fireball,28000000,9,,,12,,rare,4,https://api-assets.clashroyale.com/cards/300/lZD9MILQv7O-P3XBr_xOLS5idwuz3_7Ws9G60U36yhc.png,,Knight,26000000,11,,14,common,3,https://api-assets.clashroyale.com/cards/300/jAj1Q5rclXxU9kVImGqSJxa4wEMfEhvwNQ_4jiGUuqg.png,Goblin Demolisher,26000095,9,,12,rare,4,https://api-assets.clashroyale.com/cards/300/KVVOgdn40xasFLYuQv8Go_U_LCV7wSG9q9eE1H7f3Qk.png,Goblin Giant,26000060,6,,9,epic,6,https://api-assets.clashroyale.com/cards/300/SoW16cY3jXBwaTDvb39DkqiVsoFVaDWbzf5QBYphJrY.png,Ice Wizard,26000023,3,,6,legendary,3,https://api-assets.clashroyale.com/cards/300/W3dkw0HTw9n1jB-zbknY2w3wHuyuLxSRIAV5fUT1SEY.png,The Log,28000011,3,,6,,legendary,2,https://api-assets.clashroyale.com/cards/300/_iDwuDLexHPFZ_x4_a0eP-rxCS6vwWgTs6DLauwwoaY.png,,Party Hut,27000014,3,,6,legendary,5,https://api-assets.clashroyale.com/cards/300/08yZHM55T8yF4zl1DvolwlyaKOk69b_7KIpUrXFfxQ8.png,Tower Princess,159000000,11,14,common,https://api-assets.clashroyale.com/cards/300/Nzo5Gjbh7NG6O3Hyu7ev54Pu5zK7vDMR2fbpGdVsS64.png,,0.0,#C8CQ8YVCG,pzuziz,,0,0,,,#LQ0RV0Q9,One Dead,16000002,Electro Wizard,26000042,3,,6,,legendary,4,https://api-assets.clashroyale.com/cards/300/RsFaHgB3w6vXsTjXdPr3x8l_GbV9TbOUCvIx07prbrQ.png,,Freeze,28000005,6,,9,epic,4,https://api-assets.clashroyale.com/cards/300/I1M20_Zs_p_BS1NaNIVQjuMJkYI_1-ePtwYZahn0JXQ.png,Battle Healer,26000068,9,,12,rare,4,https://api-assets.clashroyale.com/cards/300/KdwXcoigS2Kg-cgA7BJJIANbUJG6SNgjetRQ-MegZ08.png,Bandit,26000046,3,,6,,legendary,3,https://api-assets.clashroyale.com/cards/300/QWDdXMKJNpv0go-HYaWQWP6p8uIOHjqn-zX7G0p3DyM.png,,Goblin Barrel,28000004,6,,9,epic,3,https://api-assets.clashroyale.com/cards/300/CoZdp5PpsTH858l212lAMeJxVJ0zxv9V-f5xC8Bvj5g.png,Bats,26000049,11,,14,1,common,2,https://api-assets.clashroyale.com/cards/300/EnIcvO21hxiNpoI-zO6MDjLmzwPbq8Z4JPo2OKoVUjU.png,https://api-assets.clashroyale.com/cardevolutions/300/EnIcvO21hxiNpoI-zO6MDjLmzwPbq8Z4JPo2OKoVUjU.png,Barbarian Barrel,28000015,6,,9,epic,2,https://api-assets.clashroyale.com/cards/300/Gb0G1yNy0i5cIGUHin8uoFWxqntNtRPhY_jeMXg7HnA.png,,27000011,11,,0,,,Tower Princess,159000000,11,14,common,https://api-assets.clashroyale.com/cards/300/Nzo5Gjbh7NG6O3Hyu7ev54Pu5zK7vDMR2fbpGdVsS64.png,,0.0,False,1,3052,,,1,https://api-assets.clashroyale.com/cardevolutions/300/CoZdp5PpsTH858l212lAMeJxVJ0zxv9V-f5xC8Bvj5g.png,,,,,,,,,,,,2392,7604,,,5500,,,1,https://api-assets.clashroyale.com/cardevolutions/300/jAj1Q5rclXxU9kVImGqSJxa4wEMfEhvwNQ_4jiGUuqg.png,1,https://api-assets.clashroyale.com/cardevolutions/300/SoW16cY3jXBwaTDvb39DkqiVsoFVaDWbzf5QBYphJrY.png,,,,,,,,,,,,,,,,,,,,,,,,,,,,,,,,,,,,,,,
pathOfLegend,20240821T101932.000Z,False,54000068,Legendary Arena,72000323,Ranked1v1,#02PP8JVQG90U,collection,#999002QU,PlotoZypresse,1,5498,,#GRRLL92G,Actane™️,16000043,Goblin Barrel,28000004,8,3,1,9,1,epic,3,https://api-assets.clashroyale.com/cards/300/CoZdp5PpsTH858l212lAMeJxVJ0zxv9V-f5xC8Bvj5g.png,https://api-assets.clashroyale.com/cardevolutions/300/CoZdp5PpsTH858l212lAMeJxVJ0zxv9V-f5xC8Bvj5g.png,Knight,26000000,13,3,1,14,1,common,3,https://api-assets.clashroyale.com/cards/300/jAj1Q5rclXxU9kVImGqSJxa4wEMfEhvwNQ_4jiGUuqg.png,https://api-assets.clashroyale.com/cardevolutions/300/jAj1Q5rclXxU9kVImGqSJxa4wEMfEhvwNQ_4jiGUuqg.png,The Log,28000011,5,1,6,legendary,2,https://api-assets.clashroyale.com/cards/300/_iDwuDLexHPFZ_x4_a0eP-rxCS6vwWgTs6DLauwwoaY.png,Princess,26000026,5,1,6,legendary,3,https://api-assets.clashroyale.com/cards/300/bAwMcqp9EKVIKH3ZLm_m0MqZFSG72zG-vKxpx8aKoVs.png,Inferno Tower,27000003,11,2,12,rare,5,https://api-assets.clashroyale.com/cards/300/GSHY_wrooMMLET6bG_WJB8redtwx66c4i80ipi4gYOM.png,Goblin Gang,26000041,13,3,14,common,3,https://api-assets.clashroyale.com/cards/300/NHflxzVAQT4oAz7eDfdueqpictb5vrWezn1nuqFhE4w.png,Ice Spirit,26000030,13,1,14,1,common,1,https://api-assets.clashroyale.com/cards/300/lv1budiafU9XmSdrDkk0NYyqASAFYyZ06CPysXKZXlA.png,https://api-assets.clashroyale.com/cardevolutions/300/lv1budiafU9XmSdrDkk0NYyqASAFYyZ06CPysXKZXlA.png,Rocket,28000003,11,3,12,rare,6,https://api-assets.clashroyale.com/cards/300/Ie07nQNK9CjhKOa4-arFAewi4EroqaA-86Xo7r5tx94.png,Tower Princess,159000000,13,14,common,https://api-assets.clashroyale.com/cards/300/Nzo5Gjbh7NG6O3Hyu7ev54Pu5zK7vDMR2fbpGdVsS64.png,,2.42,#CU9UQGUQR,☢️,,0,5832,2100,,#Q990QCVJ,BC MX,16000002,Goblin Giant,26000060,8,,9,1,epic,6,https://api-assets.clashroyale.com/cards/300/SoW16cY3jXBwaTDvb39DkqiVsoFVaDWbzf5QBYphJrY.png,https://api-assets.clashroyale.com/cardevolutions/300/SoW16cY3jXBwaTDvb39DkqiVsoFVaDWbzf5QBYphJrY.png,Firecracker,26000064,13,1,14,common,3,https://api-assets.clashroyale.com/cards/300/c1rL3LO1U2D9-TkeFfAC18gP3AO8ztSwrcHMZplwL2Q.png,Valkyrie,26000011,11,,12,rare,4,https://api-assets.clashroyale.com/cards/300/0lIoYf3Y_plFTzo95zZL93JVxpfb3MMgFDDhgSDGU9A.png,The Log,28000011,5,,6,,legendary,2,https://api-assets.clashroyale.com/cards/300/_iDwuDLexHPFZ_x4_a0eP-rxCS6vwWgTs6DLauwwoaY.png,,Mini P.E.K.K.A,26000018,11,1,12,rare,4,https://api-assets.clashroyale.com/cards/300/Fmltc4j3Ve9vO_xhHHPEO3PRP3SmU2oKp2zkZQHRZT4.png,Electro Wizard,26000042,5,,6,,legendary,4,https://api-assets.clashroyale.com/cards/300/RsFaHgB3w6vXsTjXdPr3x8l_GbV9TbOUCvIx07prbrQ.png,,Bats,26000049,13,,14,common,2,https://api-assets.clashroyale.com/cards/300/EnIcvO21hxiNpoI-zO6MDjLmzwPbq8Z4JPo2OKoVUjU.png,Goblin Gang,26000041,13,,14,common,https://api-assets.clashroyale.com/cards/300/NHflxzVAQT4oAz7eDfdueqpictb5vrWezn1nuqFhE4w.png,Tower Princess,159000000,13,14,common,https://api-assets.clashroyale.com/cards/300/Nzo5Gjbh7NG6O3Hyu7ev54Pu5zK7vDMR2fbpGdVsS64.png,,0.45,False,5,3164,1,https://api-assets.clashroyale.com/cardevolutions/300/0lIoYf3Y_plFTzo95zZL93JVxpfb3MMgFDDhgSDGU9A.png,,,3,1,1,https://api-assets.clashroyale.com/cardevolutions/300/c1rL3LO1U2D9-TkeFfAC18gP3AO8ztSwrcHMZplwL2Q.png,1,1,https://api-assets.clashroyale.com/cardevolutions/300/EnIcvO21hxiNpoI-zO6MDjLmzwPbq8Z4JPo2OKoVUjU.png,,,30,,1035,,,,,,,,,,,,,,,,,,,,,,,,,,,,,,,,,,,,,,,,,,,,,,,,,
pathOfLegend,20240821T101611.000Z,False,54000068,Legendary Arena,72000323,Ranked1v1,#02UP0LRU2J88,collection,#999002QU,PlotoZypresse,0,5755,,#GRRLL92G,Actane™️,16000043,Goblin Barrel,28000004,8,3,1,9,1,epic,3,https://api-assets.clashroyale.com/cards/300/CoZdp5PpsTH858l212lAMeJxVJ0zxv9V-f5xC8Bvj5g.png,https://api-assets.clashroyale.com/cardevolutions/300/CoZdp5PpsTH858l212lAMeJxVJ0zxv9V-f5xC8Bvj5g.png,Knight,26000000,13,3,1,14,1,common,3,https://api-assets.clashroyale.com/cards/300/jAj1Q5rclXxU9kVImGqSJxa4wEMfEhvwNQ_4jiGUuqg.png,https://api-assets.clashroyale.com/cardevolutions/300/jAj1Q5rclXxU9kVImGqSJxa4wEMfEhvwNQ_4jiGUuqg.png,The Log,28000011,5,1,6,legendary,2,https://api-assets.clashroyale.com/cards/300/_iDwuDLexHPFZ_x4_a0eP-rxCS6vwWgTs6DLauwwoaY.png,Princess,26000026,5,1,6,legendary,3,https://api-assets.clashroyale.com/cards/300/bAwMcqp9EKVIKH3ZLm_m0MqZFSG72zG-vKxpx8aKoVs.png,Inferno Tower,27000003,11,2,12,rare,5,https://api-assets.clashroyale.com/cards/300/GSHY_wrooMMLET6bG_WJB8redtwx66c4i80ipi4gYOM.png,Goblin Gang,26000041,13,3,14,common,3,https://api-assets.clashroyale.com/cards/300/NHflxzVAQT4oAz7eDfdueqpictb5vrWezn1nuqFhE4w.png,Ice Spirit,26000030,13,1,14,1,common,1,https://api-assets.clashroyale.com/cards/300/lv1budiafU9XmSdrDkk0NYyqASAFYyZ06CPysXKZXlA.png,https://api-assets.clashroyale.com/cardevolutions/300/lv1budiafU9XmSdrDkk0NYyqASAFYyZ06CPysXKZXlA.png,Rocket,28000003,11,3,12,rare,6,https://api-assets.clashroyale.com/cards/300/Ie07nQNK9CjhKOa4-arFAewi4EroqaA-86Xo7r5tx94.png,Tower Princess,159000000,13,14,common,https://api-assets.clashroyale.com/cards/300/Nzo5Gjbh7NG6O3Hyu7ev54Pu5zK7vDMR2fbpGdVsS64.png,,4.67,#LYL0JC80J,ZaxAeron,30,1,5832,2803,543,#QQV2QPPJ,ALTIN ORDU,16000040,Goblin Barrel,28000004,8,1,9,1,epic,3,https://api-assets.clashroyale.com/cards/300/CoZdp5PpsTH858l212lAMeJxVJ0zxv9V-f5xC8Bvj5g.png,https://api-assets.clashroyale.com/cardevolutions/300/CoZdp5PpsTH858l212lAMeJxVJ0zxv9V-f5xC8Bvj5g.png,Tesla,27000006,13,2,14,common,4,https://api-assets.clashroyale.com/cards/300/OiwnGrxFMNiHetYEerE-UZt0L_uYNzFY7qV_CA_OxR4.png,Dart Goblin,26000040,11,2,12,rare,3,https://api-assets.clashroyale.com/cards/300/BmpK3bqEAviflqHCdxxnfm-_l3pRPJw3qxHkwS55nCY.png,Guards,26000025,8,1,9,,epic,3,https://api-assets.clashroyale.com/cards/300/1ArKfLJxYo6_NU_S9cAeIrfbXqWH0oULVJXedxBXQlU.png,,Prince,26000016,8,1,9,epic,5,https://api-assets.clashroyale.com/cards/300/3JntJV62aY0G1Qh6LIs-ek-0ayeYFY3VItpG7cb9I60.png,The Log,28000011,5,1,6,,legendary,2,https://api-assets.clashroyale.com/cards/300/_iDwuDLexHPFZ_x4_a0eP-rxCS6vwWgTs6DLauwwoaY.png,,Firecracker,26000064,13,1,14,common,3,https://api-assets.clashroyale.com/cards/300/c1rL3LO1U2D9-TkeFfAC18gP3AO8ztSwrcHMZplwL2Q.png,Ice Spirit,26000030,13,1,14,common,https://api-assets.clashroyale.com/cards/300/lv1budiafU9XmSdrDkk0NYyqASAFYyZ06CPysXKZXlA.png,Tower Princess,159000000,13,14,common,https://api-assets.clashroyale.com/cards/300/Nzo5Gjbh7NG6O3Hyu7ev54Pu5zK7vDMR2fbpGdVsS64.png,,0.0,False,5,590,,,,,1,1,1,https://api-assets.clashroyale.com/cardevolutions/300/OiwnGrxFMNiHetYEerE-UZt0L_uYNzFY7qV_CA_OxR4.png,,1,https://api-assets.clashroyale.com/cardevolutions/300/c1rL3LO1U2D9-TkeFfAC18gP3AO8ztSwrcHMZplwL2Q.png,1,https://api-assets.clashroyale.com/cardevolutions/300/lv1budiafU9XmSdrDkk0NYyqASAFYyZ06CPysXKZXlA.png,,,,,,,,,,,,,,,,,,,,,,,,,,,,,,,,,,,,,,,,,,,,,,,,,,,,
pathOfLegend,20240821T095956.000Z,False,54000068,Legendary Arena,72000323,Ranked1v1,#02PP8JVQ9CLQ,collection,#999002QU,PlotoZypresse,0,5832,,#GRRLL92G,Actane™️,16000043,Goblin Barrel,28000004,8,3,1,9,1,epic,3,https://api-assets.clashroyale.com/cards/300/CoZdp5PpsTH858l212lAMeJxVJ0zxv9V-f5xC8Bvj5g.png,https://api-assets.clashroyale.com/cardevolutions/300/CoZdp5PpsTH858l212lAMeJxVJ0zxv9V-f5xC8Bvj5g.png,Knight,26000000,13,3,1,14,1,common,3,https://api-assets.clashroyale.com/cards/300/jAj1Q5rclXxU9kVImGqSJxa4wEMfEhvwNQ_4jiGUuqg.png,https://api-assets.clashroyale.com/cardevolutions/300/jAj1Q5rclXxU9kVImGqSJxa4wEMfEhvwNQ_4jiGUuqg.png,The Log,28000011,5,1,6,legendary,2,https://api-assets.clashroyale.com/cards/300/_iDwuDLexHPFZ_x4_a0eP-rxCS6vwWgTs6DLauwwoaY.png,Princess,26000026,5,1,6,legendary,3,https://api-assets.clashroyale.com/cards/300/bAwMcqp9EKVIKH3ZLm_m0MqZFSG72zG-vKxpx8aKoVs.png,Inferno Tower,27000003,11,2,12,rare,5,https://api-assets.clashroyale.com/cards/300/GSHY_wrooMMLET6bG_WJB8redtwx66c4i80ipi4gYOM.png,Goblin Gang,26000041,13,3,14,common,3,https://api-assets.clashroyale.com/cards/300/NHflxzVAQT4oAz7eDfdueqpictb5vrWezn1nuqFhE4w.png,Ice Spirit,26000030,13,1,14,1,common,1,https://api-assets.clashroyale.com/cards/300/lv1budiafU9XmSdrDkk0NYyqASAFYyZ06CPysXKZXlA.png,https://api-assets.clashroyale.com/cardevolutions/300/lv1budiafU9XmSdrDkk0NYyqASAFYyZ06CPysXKZXlA.png,Rocket,28000003,11,3,12,rare,6,https://api-assets.clashroyale.com/cards/300/Ie07nQNK9CjhKOa4-arFAewi4EroqaA-86Xo7r5tx94.png,Tower Princess,159000000,13,14,common,https://api-assets.clashroyale.com/cards/300/Nzo5Gjbh7NG6O3Hyu7ev54Pu5zK7vDMR2fbpGdVsS64.png,,2.71,#2VLP0QGLR,kolorowe,30,1,5832,3084,1243,#8RP0QLUR,ANIOŁY ŚMIERCI,16000024,Firecracker,26000064,13,1,14,1,common,3,https://api-assets.clashroyale.com/cards/300/c1rL3LO1U2D9-TkeFfAC18gP3AO8ztSwrcHMZplwL2Q.png,https://api-assets.clashroyale.com/cardevolutions/300/c1rL3LO1U2D9-TkeFfAC18gP3AO8ztSwrcHMZplwL2Q.png,Battle Ram,26000036,11,2,12,rare,4,https://api-assets.clashroyale.com/cards/300/dyc50V2cplKi4H7pq1B3I36pl_sEH5DQrNHboS_dbbM.png,P.E.K.K.A,26000004,8,2,9,epic,7,https://api-assets.clashroyale.com/cards/300/MlArURKhn_zWAZY-Xj1qIRKLVKquarG25BXDjUQajNs.png,Void,28000023,8,1,9,,epic,3,https://api-assets.clashroyale.com/cards/300/BykyeWDqzn4PlHSszu3NbrXT1mHxW2EA8vHbQGR5LDE.png,,Bandit,26000046,5,1,6,legendary,3,https://api-assets.clashroyale.com/cards/300/QWDdXMKJNpv0go-HYaWQWP6p8uIOHjqn-zX7G0p3DyM.png,Little Prince,26000093,3,,4,,champion,3,https://api-assets.clashroyale.com/cards/300/dY-gSseki6KBpkIG17safHH5YlB8SErFZO9OXbJxf9w.png,,Royal Ghost,26000050,5,1,6,legendary,3,https://api-assets.clashroyale.com/cards/300/3En2cz0ISQAaMTHY3hj3rTveFN2kJYq-H4VxvdJNvCM.png,Electro Spirit,26000084,13,1,14,common,https://api-assets.clashroyale.com/cards/300/WKd4-IAFsgPpMo7dDi9sujmYjRhOMEWiE07OUJpvD9g.png,Dagger Duchess,159000002,5,6,legendary,https://api-assets.clashroyale.com/cards/300/MVj028nMLCmBuP3HlV503uxVAxFg7jyliJVZ5JYJ1h8.png,,1.85,False,5,3257,,,,,1,1,1,https://api-assets.clashroyale.com/cardevolutions/300/dyc50V2cplKi4H7pq1B3I36pl_sEH5DQrNHboS_dbbM.png,,,,,,,,,,,,,,,,,,,,,,,,,,,,,,,,,,,,,,,,,,,,,,,,,,,,,,,,,
pathOfLegend,20240821T095531.000Z,False,54000068,Legendary Arena,72000323,Ranked1v1,#09899LUVGVYU,collection,#999002QU,PlotoZypresse,1,5678,,#GRRLL92G,Actane™️,16000043,Goblin Barrel,28000004,8,3,1,9,1,epic,3,https://api-assets.clashroyale.com/cards/300/CoZdp5PpsTH858l212lAMeJxVJ0zxv9V-f5xC8Bvj5g.png,https://api-assets.clashroyale.com/cardevolutions/300/CoZdp5PpsTH858l212lAMeJxVJ0zxv9V-f5xC8Bvj5g.png,Knight,26000000,13,3,1,14,1,common,3,https://api-assets.clashroyale.com/cards/300/jAj1Q5rclXxU9kVImGqSJxa4wEMfEhvwNQ_4jiGUuqg.png,https://api-assets.clashroyale.com/cardevolutions/300/jAj1Q5rclXxU9kVImGqSJxa4wEMfEhvwNQ_4jiGUuqg.png,The Log,28000011,5,1,6,legendary,2,https://api-assets.clashroyale.com/cards/300/_iDwuDLexHPFZ_x4_a0eP-rxCS6vwWgTs6DLauwwoaY.png,Princess,26000026,5,1,6,legendary,3,https://api-assets.clashroyale.com/cards/300/bAwMcqp9EKVIKH3ZLm_m0MqZFSG72zG-vKxpx8aKoVs.png,Inferno Tower,27000003,11,2,12,rare,5,https://api-assets.clashroyale.com/cards/300/GSHY_wrooMMLET6bG_WJB8redtwx66c4i80ipi4gYOM.png,Goblin Gang,26000041,13,3,14,common,3,https://api-assets.clashroyale.com/cards/300/NHflxzVAQT4oAz7eDfdueqpictb5vrWezn1nuqFhE4w.png,Ice Spirit,26000030,13,1,14,1,common,1,https://api-assets.clashroyale.com/cards/300/lv1budiafU9XmSdrDkk0NYyqASAFYyZ06CPysXKZXlA.png,https://api-assets.clashroyale.com/cardevolutions/300/lv1budiafU9XmSdrDkk0NYyqASAFYyZ06CPysXKZXlA.png,Rocket,28000003,11,3,12,rare,6,https://api-assets.clashroyale.com/cards/300/Ie07nQNK9CjhKOa4-arFAewi4EroqaA-86Xo7r5tx94.png,Tower Princess,159000000,13,14,common,https://api-assets.clashroyale.com/cards/300/Nzo5Gjbh7NG6O3Hyu7ev54Pu5zK7vDMR2fbpGdVsS64.png,,1.6,#LQUPPJQLU,Kunibert,,0,5832,3104,,#2YVJ0GJ,ALLES KLAN!,16000044,Firecracker,26000064,13,1,14,1,common,3,https://api-assets.clashroyale.com/cards/300/c1rL3LO1U2D9-TkeFfAC18gP3AO8ztSwrcHMZplwL2Q.png,https://api-assets.clashroyale.com/cardevolutions/300/c1rL3LO1U2D9-TkeFfAC18gP3AO8ztSwrcHMZplwL2Q.png,Valkyrie,26000011,11,2,12,rare,4,https://api-assets.clashroyale.com/cards/300/0lIoYf3Y_plFTzo95zZL93JVxpfb3MMgFDDhgSDGU9A.png,Skeleton Barrel,26000056,13,3,14,common,3,https://api-assets.clashroyale.com/cards/300/vCB4DWCcrGbTkarjcOiVz4aNDx6GWLm0yUepg9E1MGo.png,Witch,26000007,8,2,9,,epic,5,https://api-assets.clashroyale.com/cards/300/cfwk1vzehVyHC-uloEIH6NOI0hOdofCutR5PyhIgO6w.png,,Mega Knight,26000055,5,2,6,legendary,7,https://api-assets.clashroyale.com/cards/300/O2NycChSNhn_UK9nqBXUhhC_lILkiANzPuJjtjoz0CE.png,Ram Rider,26000051,5,1,6,,legendary,5,https://api-assets.clashroyale.com/cards/300/QaJyerT7f7oMyZ3Fv1glKymtLSvx7YUXisAulxl7zRI.png,,Arrows,28000001,13,3,14,common,3,https://api-assets.clashroyale.com/cards/300/Flsoci-Y6y8ZFVi5uRFTmgkPnCmMyMVrU7YmmuPvSBo.png,Royal Ghost,26000050,5,1,6,legendary,https://api-assets.clashroyale.com/cards/300/3En2cz0ISQAaMTHY3hj3rTveFN2kJYq-H4VxvdJNvCM.png,Tower Princess,159000000,13,14,common,https://api-assets.clashroyale.com/cards/300/Nzo5Gjbh7NG6O3Hyu7ev54Pu5zK7vDMR2fbpGdVsS64.png,,2.46,False,5,989,,,,,3,1,1,https://api-assets.clashroyale.com/cardevolutions/300/0lIoYf3Y_plFTzo95zZL93JVxpfb3MMgFDDhgSDGU9A.png,1,,,,,30,,2927,,,,,,,,,,,,,,,,,,,,,,,,,,,,,,,,,,,,,,,,,,,,,,,,,
pathOfLegend,20240821T094548.000Z,False,54000068,Legendary Arena,72000323,Ranked1v1,#08G9U0P2R9PL,collection,#999002QU,PlotoZypresse,1,5524,,#GRRLL92G,Actane™️,16000043,Goblin Barrel,28000004,8,3,1,9,1,epic,3,https://api-assets.clashroyale.com/cards/300/CoZdp5PpsTH858l212lAMeJxVJ0zxv9V-f5xC8Bvj5g.png,https://api-assets.clashroyale.com/cardevolutions/300/CoZdp5PpsTH858l212lAMeJxVJ0zxv9V-f5xC8Bvj5g.png,Knight,26000000,13,3,1,14,1,common,3,https://api-assets.clashroyale.com/cards/300/jAj1Q5rclXxU9kVImGqSJxa4wEMfEhvwNQ_4jiGUuqg.png,https://api-assets.clashroyale.com/cardevolutions/300/jAj1Q5rclXxU9kVImGqSJxa4wEMfEhvwNQ_4jiGUuqg.png,The Log,28000011,5,1,6,legendary,2,https://api-assets.clashroyale.com/cards/300/_iDwuDLexHPFZ_x4_a0eP-rxCS6vwWgTs6DLauwwoaY.png,Princess,26000026,5,1,6,legendary,3,https://api-assets.clashroyale.com/cards/300/bAwMcqp9EKVIKH3ZLm_m0MqZFSG72zG-vKxpx8aKoVs.png,Inferno Tower,27000003,11,2,12,rare,5,https://api-assets.clashroyale.com/cards/300/GSHY_wrooMMLET6bG_WJB8redtwx66c4i80ipi4gYOM.png,Goblin Gang,26000041,13,3,14,common,3,https://api-assets.clashroyale.com/cards/300/NHflxzVAQT4oAz7eDfdueqpictb5vrWezn1nuqFhE4w.png,Ice Spirit,26000030,13,1,14,1,common,1,https://api-assets.clashroyale.com/cards/300/lv1budiafU9XmSdrDkk0NYyqASAFYyZ06CPysXKZXlA.png,https://api-assets.clashroyale.com/cardevolutions/300/lv1budiafU9XmSdrDkk0NYyqASAFYyZ06CPysXKZXlA.png,Rocket,28000003,11,3,12,rare,6,https://api-assets.clashroyale.com/cards/300/Ie07nQNK9CjhKOa4-arFAewi4EroqaA-86Xo7r5tx94.png,Tower Princess,159000000,13,14,common,https://api-assets.clashroyale.com/cards/300/Nzo5Gjbh7NG6O3Hyu7ev54Pu5zK7vDMR2fbpGdVsS64.png,,1.16,#288228RLU,The Maks,,0,5832,2253,,#QGQLGQ2U,BomjSquad,16000072,Firecracker,26000064,13,1,14,1,common,3,https://api-assets.clashroyale.com/cards/300/c1rL3LO1U2D9-TkeFfAC18gP3AO8ztSwrcHMZplwL2Q.png,https://api-assets.clashroyale.com/cardevolutions/300/c1rL3LO1U2D9-TkeFfAC18gP3AO8ztSwrcHMZplwL2Q.png,Knight,26000000,13,2,14,common,3,https://api-assets.clashroyale.com/cards/300/jAj1Q5rclXxU9kVImGqSJxa4wEMfEhvwNQ_4jiGUuqg.png,Hog Rider,26000021,11,3,12,rare,4,https://api-assets.clashroyale.com/cards/300/Ubu0oUl8tZkusnkZf8Xv9Vno5IO29Y-jbZ4fhoNJ5oc.png,Tesla,27000006,13,2,14,1,common,4,https://api-assets.clashroyale.com/cards/300/OiwnGrxFMNiHetYEerE-UZt0L_uYNzFY7qV_CA_OxR4.png,https://api-assets.clashroyale.com/cardevolutions/300/OiwnGrxFMNiHetYEerE-UZt0L_uYNzFY7qV_CA_OxR4.png,Skeletons,26000010,13,3,14,common,1,https://api-assets.clashroyale.com/cards/300/oO7iKMU5m0cdxhYPZA3nWQiAUh2yoGgdThLWB1rVSec.png,Ice Spirit,26000030,13,1,14,1,common,1,https://api-assets.clashroyale.com/cards/300/lv1budiafU9XmSdrDkk0NYyqASAFYyZ06CPysXKZXlA.png,https://api-assets.clashroyale.com/cardevolutions/300/lv1budiafU9XmSdrDkk0NYyqASAFYyZ06CPysXKZXlA.png,The Log,28000011,5,1,6,legendary,2,https://api-assets.clashroyale.com/cards/300/_iDwuDLexHPFZ_x4_a0eP-rxCS6vwWgTs6DLauwwoaY.png,Earthquake,28000014,11,1,12,rare,https://api-assets.clashroyale.com/cards/300/XeQXcrUu59C52DslyZVwCnbi4yamID-WxfVZLShgZmE.png,Tower Princess,159000000,13,14,common,https://api-assets.clashroyale.com/cards/300/Nzo5Gjbh7NG6O3Hyu7ev54Pu5zK7vDMR2fbpGdVsS64.png,,2.37,False,5,3283,,,1,https://api-assets.clashroyale.com/cardevolutions/300/oO7iKMU5m0cdxhYPZA3nWQiAUh2yoGgdThLWB1rVSec.png,3,1,1,https://api-assets.clashroyale.com/cardevolutions/300/jAj1Q5rclXxU9kVImGqSJxa4wEMfEhvwNQ_4jiGUuqg.png,,,,,,30,,2120,,,,,,,,,,,,,,,,,,,,,,,,,,,,,,,,,,,,,,,,,,,,,,,,,
pathOfLegend,20240821T094149.000Z,False,54000068,Legendary Arena,72000323,Ranked1v1,#02PP8JVQ00RR,collection,#999002QU,PlotoZypresse,0,5832,,#GRRLL92G,Actane™️,16000043,Goblin Barrel,28000004,8,3,1,9,1,epic,3,https://api-assets.clashroyale.com/cards/300/CoZdp5PpsTH858l212lAMeJxVJ0zxv9V-f5xC8Bvj5g.png,https://api-assets.clashroyale.com/cardevolutions/300/CoZdp5PpsTH858l212lAMeJxVJ0zxv9V-f5xC8Bvj5g.png,Knight,26000000,13,3,1,14,1,common,3,https://api-assets.clashroyale.com/cards/300/jAj1Q5rclXxU9kVImGqSJxa4wEMfEhvwNQ_4jiGUuqg.png,https://api-assets.clashroyale.com/cardevolutions/300/jAj1Q5rclXxU9kVImGqSJxa4wEMfEhvwNQ_4jiGUuqg.png,The Log,28000011,5,1,6,legendary,2,https://api-assets.clashroyale.com/cards/300/_iDwuDLexHPFZ_x4_a0eP-rxCS6vwWgTs6DLauwwoaY.png,Princess,26000026,5,1,6,legendary,3,https://api-assets.clashroyale.com/cards/300/bAwMcqp9EKVIKH3ZLm_m0MqZFSG72zG-vKxpx8aKoVs.png,Inferno Tower,27000003,11,2,12,rare,5,https://api-assets.clashroyale.com/cards/300/GSHY_wrooMMLET6bG_WJB8redtwx66c4i80ipi4gYOM.png,Goblin Gang,26000041,13,3,14,common,3,https://api-assets.clashroyale.com/cards/300/NHflxzVAQT4oAz7eDfdueqpictb5vrWezn1nuqFhE4w.png,Ice Spirit,26000030,13,1,14,1,common,1,https://api-assets.clashroyale.com/cards/300/lv1budiafU9XmSdrDkk0NYyqASAFYyZ06CPysXKZXlA.png,https://api-assets.clashroyale.com/cardevolutions/300/lv1budiafU9XmSdrDkk0NYyqASAFYyZ06CPysXKZXlA.png,Rocket,28000003,11,3,12,rare,6,https://api-assets.clashroyale.com/cards/300/Ie07nQNK9CjhKOa4-arFAewi4EroqaA-86Xo7r5tx94.png,Tower Princess,159000000,13,14,common,https://api-assets.clashroyale.com/cards/300/Nzo5Gjbh7NG6O3Hyu7ev54Pu5zK7vDMR2fbpGdVsS64.png,,3.41,#YYY8Y8CGU,tomh,30,1,5832,2978,1990,#2292P02,English Nights,16000061,Battle Ram,26000036,11,,12,1,rare,4,https://api-assets.clashroyale.com/cards/300/dyc50V2cplKi4H7pq1B3I36pl_sEH5DQrNHboS_dbbM.png,https://api-assets.clashroyale.com/cardevolutions/300/dyc50V2cplKi4H7pq1B3I36pl_sEH5DQrNHboS_dbbM.png,Wizard,26000017,11,2,12,rare,5,https://api-assets.clashroyale.com/cards/300/Mej7vnv4H_3p_8qPs_N6_GKahy6HDr7pU7i9eTHS84U.png,Royal Ghost,26000050,4,,6,legendary,3,https://api-assets.clashroyale.com/cards/300/3En2cz0ISQAaMTHY3hj3rTveFN2kJYq-H4VxvdJNvCM.png,P.E.K.K.A,26000004,8,2,9,,epic,7,https://api-assets.clashroyale.com/cards/300/MlArURKhn_zWAZY-Xj1qIRKLVKquarG25BXDjUQajNs.png,,Poison,28000009,8,,9,epic,4,https://api-assets.clashroyale.com/cards/300/98HDkG2189yOULcVG9jz2QbJKtfuhH21DIrIjkOjxI8.png,Bandit,26000046,5,1,6,,legendary,3,https://api-assets.clashroyale.com/cards/300/QWDdXMKJNpv0go-HYaWQWP6p8uIOHjqn-zX7G0p3DyM.png,,Zap,28000008,13,1,14,common,2,https://api-assets.clashroyale.com/cards/300/7dxh2-yCBy1x44GrBaL29vjqnEEeJXHEAlsi5g6D1eY.png,Minion Horde,26000022,13,2,14,common,https://api-assets.clashroyale.com/cards/300/Wyjq5l0IXHTkX9Rmpap6HaH08MvjbxFp1xBO9a47YSI.png,Dagger Duchess,159000002,5,6,legendary,https://api-assets.clashroyale.com/cards/300/MVj028nMLCmBuP3HlV503uxVAxFg7jyliJVZ5JYJ1h8.png,,2.41,False,5,1700,,,,,5,1,1,https://api-assets.clashroyale.com/cardevolutions/300/Mej7vnv4H_3p_8qPs_N6_GKahy6HDr7pU7i9eTHS84U.png,1,1,https://api-assets.clashroyale.com/cardevolutions/300/7dxh2-yCBy1x44GrBaL29vjqnEEeJXHEAlsi5g6D1eY.png,,,,,,,,,,,,,,,,,,,,,,,,,,,,,,,,,,,,,,,,,,,,,,,,,,,,,,
pathOfLegend,20240821T093723.000Z,False,54000068,Legendary Arena,72000323,Ranked1v1,#02PP8JVLV88C,collection,#999002QU,PlotoZypresse,0,3831,,#GRRLL92G,Actane™️,16000043,Goblin Barrel,28000004,8,3,1,9,1,epic,3,https://api-assets.clashroyale.com/cards/300/CoZdp5PpsTH858l212lAMeJxVJ0zxv9V-f5xC8Bvj5g.png,https://api-assets.clashroyale.com/cardevolutions/300/CoZdp5PpsTH858l212lAMeJxVJ0zxv9V-f5xC8Bvj5g.png,Knight,26000000,13,3,1,14,1,common,3,https://api-assets.clashroyale.com/cards/300/jAj1Q5rclXxU9kVImGqSJxa4wEMfEhvwNQ_4jiGUuqg.png,https://api-assets.clashroyale.com/cardevolutions/300/jAj1Q5rclXxU9kVImGqSJxa4wEMfEhvwNQ_4jiGUuqg.png,The Log,28000011,5,1,6,legendary,2,https://api-assets.clashroyale.com/cards/300/_iDwuDLexHPFZ_x4_a0eP-rxCS6vwWgTs6DLauwwoaY.png,Princess,26000026,5,1,6,legendary,3,https://api-assets.clashroyale.com/cards/300/bAwMcqp9EKVIKH3ZLm_m0MqZFSG72zG-vKxpx8aKoVs.png,Inferno Tower,27000003,11,2,12,rare,5,https://api-assets.clashroyale.com/cards/300/GSHY_wrooMMLET6bG_WJB8redtwx66c4i80ipi4gYOM.png,Goblin Gang,26000041,13,3,14,common,3,https://api-assets.clashroyale.com/cards/300/NHflxzVAQT4oAz7eDfdueqpictb5vrWezn1nuqFhE4w.png,Ice Spirit,26000030,13,1,14,1,common,1,https://api-assets.clashroyale.com/cards/300/lv1budiafU9XmSdrDkk0NYyqASAFYyZ06CPysXKZXlA.png,https://api-assets.clashroyale.com/cardevolutions/300/lv1budiafU9XmSdrDkk0NYyqASAFYyZ06CPysXKZXlA.png,Rocket,28000003,11,3,12,rare,6,https://api-assets.clashroyale.com/cards/300/Ie07nQNK9CjhKOa4-arFAewi4EroqaA-86Xo7r5tx94.png,Tower Princess,159000000,13,14,common,https://api-assets.clashroyale.com/cards/300/Nzo5Gjbh7NG6O3Hyu7ev54Pu5zK7vDMR2fbpGdVsS64.png,,41.41,#2GULYYUU9,Kk,30,2,5832,3668,2841,#L8Q88P,AoW Ice,16000043,Firecracker,26000064,13,,14,1,common,3,https://api-assets.clashroyale.com/cards/300/c1rL3LO1U2D9-TkeFfAC18gP3AO8ztSwrcHMZplwL2Q.png,https://api-assets.clashroyale.com/cardevolutions/300/c1rL3LO1U2D9-TkeFfAC18gP3AO8ztSwrcHMZplwL2Q.png,Skeletons,26000010,13,,14,common,1,https://api-assets.clashroyale.com/cards/300/oO7iKMU5m0cdxhYPZA3nWQiAUh2yoGgdThLWB1rVSec.png,Earthquake,28000014,11,,12,rare,3,https://api-assets.clashroyale.com/cards/300/XeQXcrUu59C52DslyZVwCnbi4yamID-WxfVZLShgZmE.png,The Log,28000011,5,,6,,legendary,2,https://api-assets.clashroyale.com/cards/300/_iDwuDLexHPFZ_x4_a0eP-rxCS6vwWgTs6DLauwwoaY.png,,Tesla,27000006,13,,14,common,4,https://api-assets.clashroyale.com/cards/300/OiwnGrxFMNiHetYEerE-UZt0L_uYNzFY7qV_CA_OxR4.png,Ice Spirit,26000030,13,,14,1,common,1,https://api-assets.clashroyale.com/cards/300/lv1budiafU9XmSdrDkk0NYyqASAFYyZ06CPysXKZXlA.png,https://api-assets.clashroyale.com/cardevolutions/300/lv1budiafU9XmSdrDkk0NYyqASAFYyZ06CPysXKZXlA.png,Mighty Miner,26000065,3,,4,champion,4,https://api-assets.clashroyale.com/cards/300/Cd9R56yraxTvJiD8xJ2qT2OdsHyh94FqOAarXpbyelo.png,Hog Rider,26000021,11,,12,rare,https://api-assets.clashroyale.com/cards/300/Ubu0oUl8tZkusnkZf8Xv9Vno5IO29Y-jbZ4fhoNJ5oc.png,Tower Princess,159000000,13,14,common,https://api-assets.clashroyale.com/cards/300/Nzo5Gjbh7NG6O3Hyu7ev54Pu5zK7vDMR2fbpGdVsS64.png,,17.41,False,5,,,,1,https://api-assets.clashroyale.com/cardevolutions/300/OiwnGrxFMNiHetYEerE-UZt0L_uYNzFY7qV_CA_OxR4.png,4,,1,https://api-assets.clashroyale.com/cardevolutions/300/oO7iKMU5m0cdxhYPZA3nWQiAUh2yoGgdThLWB1rVSec.png,,,,,,,,,,,,,,,,,,,,,,,,,,,,,,,,,,,,,,,,,,,,,,,,,,,,,,,,,
pathOfLegend,20240821T093343.000Z,False,54000068,Legendary Arena,72000323,Ranked1v1,,collection,#999002QU,PlotoZypresse,3,5832,,#GRRLL92G,Actane™️,16000043,Goblin Barrel,28000004,8,3,1,9,1,epic,3,https://api-assets.clashroyale.com/cards/300/CoZdp5PpsTH858l212lAMeJxVJ0zxv9V-f5xC8Bvj5g.png,https://api-assets.clashroyale.com/cardevolutions/300/CoZdp5PpsTH858l212lAMeJxVJ0zxv9V-f5xC8Bvj5g.png,Knight,26000000,13,3,1,14,1,common,3,https://api-assets.clashroyale.com/cards/300/jAj1Q5rclXxU9kVImGqSJxa4wEMfEhvwNQ_4jiGUuqg.png,https://api-assets.clashroyale.com/cardevolutions/300/jAj1Q5rclXxU9kVImGqSJxa4wEMfEhvwNQ_4jiGUuqg.png,The Log,28000011,5,1,6,legendary,2,https://api-assets.clashroyale.com/cards/300/_iDwuDLexHPFZ_x4_a0eP-rxCS6vwWgTs6DLauwwoaY.png,Princess,26000026,5,1,6,legendary,3,https://api-assets.clashroyale.com/cards/300/bAwMcqp9EKVIKH3ZLm_m0MqZFSG72zG-vKxpx8aKoVs.png,Inferno Tower,27000003,11,2,12,rare,5,https://api-assets.clashroyale.com/cards/300/GSHY_wrooMMLET6bG_WJB8redtwx66c4i80ipi4gYOM.png,Goblin Gang,26000041,13,3,14,common,3,https://api-assets.clashroyale.com/cards/300/NHflxzVAQT4oAz7eDfdueqpictb5vrWezn1nuqFhE4w.png,Ice Spirit,26000030,13,1,14,1,common,1,https://api-assets.clashroyale.com/cards/300/lv1budiafU9XmSdrDkk0NYyqASAFYyZ06CPysXKZXlA.png,https://api-assets.clashroyale.com/cardevolutions/300/lv1budiafU9XmSdrDkk0NYyqASAFYyZ06CPysXKZXlA.png,Rocket,28000003,11,3,12,rare,6,https://api-assets.clashroyale.com/cards/300/Ie07nQNK9CjhKOa4-arFAewi4EroqaA-86Xo7r5tx94.png,Tower Princess,159000000,13,14,common,https://api-assets.clashroyale.com/cards/300/Nzo5Gjbh7NG6O3Hyu7ev54Pu5zK7vDMR2fbpGdVsS64.png,,5.46,#8990PQR2,Royal bruno,,0,0,,,#PYUUC200,Dei delle war,16000040,Firecracker,26000064,13,1,14,1,common,3,https://api-assets.clashroyale.com/cards/300/c1rL3LO1U2D9-TkeFfAC18gP3AO8ztSwrcHMZplwL2Q.png,https://api-assets.clashroyale.com/cardevolutions/300/c1rL3LO1U2D9-TkeFfAC18gP3AO8ztSwrcHMZplwL2Q.png,Mega Knight,26000055,5,2,6,legendary,7,https://api-assets.clashroyale.com/cards/300/O2NycChSNhn_UK9nqBXUhhC_lILkiANzPuJjtjoz0CE.png,Arrows,28000001,13,3,14,common,3,https://api-assets.clashroyale.com/cards/300/Flsoci-Y6y8ZFVi5uRFTmgkPnCmMyMVrU7YmmuPvSBo.png,Skeleton Army,26000012,8,3,9,,epic,3,https://api-assets.clashroyale.com/cards/300/fAOToOi1pRy7svN2xQS6mDkhQw2pj9m_17FauaNqyl4.png,,Knight,26000000,13,3,14,common,3,https://api-assets.clashroyale.com/cards/300/jAj1Q5rclXxU9kVImGqSJxa4wEMfEhvwNQ_4jiGUuqg.png,Minions,26000005,13,3,14,,common,3,https://api-assets.clashroyale.com/cards/300/yHGpoEnmUWPGV_hBbhn-Kk-Bs838OjGzWzJJlQpQKQA.png,,Valkyrie,26000011,11,2,12,rare,4,https://api-assets.clashroyale.com/cards/300/0lIoYf3Y_plFTzo95zZL93JVxpfb3MMgFDDhgSDGU9A.png,Tesla,27000006,13,,14,common,https://api-assets.clashroyale.com/cards/300/OiwnGrxFMNiHetYEerE-UZt0L_uYNzFY7qV_CA_OxR4.png,Tower Princess,159000000,13,14,common,https://api-assets.clashroyale.com/cards/300/Nzo5Gjbh7NG6O3Hyu7ev54Pu5zK7vDMR2fbpGdVsS64.png,,36.38,False,5,3668,,,1,https://api-assets.clashroyale.com/cardevolutions/300/jAj1Q5rclXxU9kVImGqSJxa4wEMfEhvwNQ_4jiGUuqg.png,4,1,,,,1,https://api-assets.clashroyale.com/cardevolutions/300/0lIoYf3Y_plFTzo95zZL93JVxpfb3MMgFDDhgSDGU9A.png,1,https://api-assets.clashroyale.com/cardevolutions/300/OiwnGrxFMNiHetYEerE-UZt0L_uYNzFY7qV_CA_OxR4.png,30,,3283,,,,,,,,,,,,,,,,,,,,,,,,,,,,,,,,,,,,,,,,,,,,,,,,,
pathOfLegend,20240821T092648.000Z,False,54000068,Legendary Arena,72000323,Ranked1v1,,collection,#999002QU,PlotoZypresse,0,5010,,#GRRLL92G,Actane™️,16000043,Goblin Barrel,28000004,8,3,1,9,1,epic,3,https://api-assets.clashroyale.com/cards/300/CoZdp5PpsTH858l212lAMeJxVJ0zxv9V-f5xC8Bvj5g.png,https://api-assets.clashroyale.com/cardevolutions/300/CoZdp5PpsTH858l212lAMeJxVJ0zxv9V-f5xC8Bvj5g.png,Knight,26000000,13,3,1,14,1,common,3,https://api-assets.clashroyale.com/cards/300/jAj1Q5rclXxU9kVImGqSJxa4wEMfEhvwNQ_4jiGUuqg.png,https://api-assets.clashroyale.com/cardevolutions/300/jAj1Q5rclXxU9kVImGqSJxa4wEMfEhvwNQ_4jiGUuqg.png,The Log,28000011,5,1,6,legendary,2,https://api-assets.clashroyale.com/cards/300/_iDwuDLexHPFZ_x4_a0eP-rxCS6vwWgTs6DLauwwoaY.png,Princess,26000026,5,1,6,legendary,3,https://api-assets.clashroyale.com/cards/300/bAwMcqp9EKVIKH3ZLm_m0MqZFSG72zG-vKxpx8aKoVs.png,Inferno Tower,27000003,11,2,12,rare,5,https://api-assets.clashroyale.com/cards/300/GSHY_wrooMMLET6bG_WJB8redtwx66c4i80ipi4gYOM.png,Goblin Gang,26000041,13,3,14,common,3,https://api-assets.clashroyale.com/cards/300/NHflxzVAQT4oAz7eDfdueqpictb5vrWezn1nuqFhE4w.png,Ice Spirit,26000030,13,1,14,1,common,1,https://api-assets.clashroyale.com/cards/300/lv1budiafU9XmSdrDkk0NYyqASAFYyZ06CPysXKZXlA.png,https://api-assets.clashroyale.com/cardevolutions/300/lv1budiafU9XmSdrDkk0NYyqASAFYyZ06CPysXKZXlA.png,Rocket,28000003,11,3,12,rare,6,https://api-assets.clashroyale.com/cards/300/Ie07nQNK9CjhKOa4-arFAewi4EroqaA-86Xo7r5tx94.png,Tower Princess,159000000,13,14,common,https://api-assets.clashroyale.com/cards/300/Nzo5Gjbh7NG6O3Hyu7ev54Pu5zK7vDMR2fbpGdVsS64.png,,0.4,#QJPLQYLJ,처음처럼,30,1,5832,2986,852,#LYP82Q,남양주 호평 평내 마석,16000126,Firecracker,26000064,13,1,14,1,common,3,https://api-assets.clashroyale.com/cards/300/c1rL3LO1U2D9-TkeFfAC18gP3AO8ztSwrcHMZplwL2Q.png,https://api-assets.clashroyale.com/cardevolutions/300/c1rL3LO1U2D9-TkeFfAC18gP3AO8ztSwrcHMZplwL2Q.png,Valkyrie,26000011,11,2,12,rare,4,https://api-assets.clashroyale.com/cards/300/0lIoYf3Y_plFTzo95zZL93JVxpfb3MMgFDDhgSDGU9A.png,Goblin Barrel,28000004,8,3,9,epic,3,https://api-assets.clashroyale.com/cards/300/CoZdp5PpsTH858l212lAMeJxVJ0zxv9V-f5xC8Bvj5g.png,Skeletons,26000010,13,3,14,1,common,1,https://api-assets.clashroyale.com/cards/300/oO7iKMU5m0cdxhYPZA3nWQiAUh2yoGgdThLWB1rVSec.png,https://api-assets.clashroyale.com/cardevolutions/300/oO7iKMU5m0cdxhYPZA3nWQiAUh2yoGgdThLWB1rVSec.png,Skeleton Barrel,26000056,13,3,14,common,3,https://api-assets.clashroyale.com/cards/300/vCB4DWCcrGbTkarjcOiVz4aNDx6GWLm0yUepg9E1MGo.png,Inferno Tower,27000003,11,2,12,,rare,5,https://api-assets.clashroyale.com/cards/300/GSHY_wrooMMLET6bG_WJB8redtwx66c4i80ipi4gYOM.png,,The Log,28000011,5,1,6,legendary,2,https://api-assets.clashroyale.com/cards/300/_iDwuDLexHPFZ_x4_a0eP-rxCS6vwWgTs6DLauwwoaY.png,Dart Goblin,26000040,11,2,12,rare,https://api-assets.clashroyale.com/cards/300/BmpK3bqEAviflqHCdxxnfm-_l3pRPJw3qxHkwS55nCY.png,Dagger Duchess,159000002,5,6,legendary,https://api-assets.clashroyale.com/cards/300/MVj028nMLCmBuP3HlV503uxVAxFg7jyliJVZ5JYJ1h8.png,,0.41,False,5,1230,1,https://api-assets.clashroyale.com/cardevolutions/300/CoZdp5PpsTH858l212lAMeJxVJ0zxv9V-f5xC8Bvj5g.png,,,3,1,1,https://api-assets.clashroyale.com/cardevolutions/300/0lIoYf3Y_plFTzo95zZL93JVxpfb3MMgFDDhgSDGU9A.png,1,,,,,,,,,,,,,,,,,,,,,,,,,,,,,,,,,,,,,,,,,,,,,,,,,,,,,,,,
trail,20240821T092137.000Z,False,168000002,Goblins 3,72000432,Goblin_Ladder,,collection,#999002QU,PlotoZypresse,3,2764,,#GRRLL92G,Actane™️,16000043,Goblin Giant,26000060,7,,1,9,1,epic,6,https://api-assets.clashroyale.com/cards/300/SoW16cY3jXBwaTDvb39DkqiVsoFVaDWbzf5QBYphJrY.png,https://api-assets.clashroyale.com/cardevolutions/300/SoW16cY3jXBwaTDvb39DkqiVsoFVaDWbzf5QBYphJrY.png,Goblin Cage,27000012,13,,,12,1,rare,4,https://api-assets.clashroyale.com/cards/300/vD24bBgK4rSq7wx5QEbuqChtPMRFviL_ep76GwQw1yA.png,https://api-assets.clashroyale.com/cardevolutions/300/vD24bBgK4rSq7wx5QEbuqChtPMRFviL_ep76GwQw1yA.png,Dart Goblin,26000040,13,2,12,rare,3,https://api-assets.clashroyale.com/cards/300/BmpK3bqEAviflqHCdxxnfm-_l3pRPJw3qxHkwS55nCY.png,Goblin Gang,26000041,15,3,14,common,3,https://api-assets.clashroyale.com/cards/300/NHflxzVAQT4oAz7eDfdueqpictb5vrWezn1nuqFhE4w.png,Goblins,26000002,13,,14,common,2,https://api-assets.clashroyale.com/cards/300/X_DQUye_OaS3QN6VC9CPw05Fit7wvSm3XegXIXKP--0.png,Goblin Demolisher,26000095,11,1,12,rare,4,https://api-assets.clashroyale.com/cards/300/KVVOgdn40xasFLYuQv8Go_U_LCV7wSG9q9eE1H7f3Qk.png,Arrows,28000001,14,2,14,,common,3,https://api-assets.clashroyale.com/cards/300/Flsoci-Y6y8ZFVi5uRFTmgkPnCmMyMVrU7YmmuPvSBo.png,,The Log,28000011,7,1,6,legendary,2,https://api-assets.clashroyale.com/cards/300/_iDwuDLexHPFZ_x4_a0eP-rxCS6vwWgTs6DLauwwoaY.png,Baby Goblins,159000003,13,14,common,https://api-assets.clashroyale.com/cards/300/UrqcN1R2AHd5t9v1OgVd_m3geRKxQ-6zzShQSERF1-U.png,,0.0,#820PUCL,Kazoon Df,,2,0,,,#QYCRCRL9,WOLFGANG eSport,16000029,Goblin Barrel,28000004,10,3,9,1,epic,3,https://api-assets.clashroyale.com/cards/300/CoZdp5PpsTH858l212lAMeJxVJ0zxv9V-f5xC8Bvj5g.png,https://api-assets.clashroyale.com/cardevolutions/300/CoZdp5PpsTH858l212lAMeJxVJ0zxv9V-f5xC8Bvj5g.png,Goblin Giant,26000060,8,2,9,epic,6,https://api-assets.clashroyale.com/cards/300/SoW16cY3jXBwaTDvb39DkqiVsoFVaDWbzf5QBYphJrY.png,Goblin Gang,26000041,15,2,14,common,3,https://api-assets.clashroyale.com/cards/300/NHflxzVAQT4oAz7eDfdueqpictb5vrWezn1nuqFhE4w.png,Spear Goblins,26000019,14,,14,,common,2,https://api-assets.clashroyale.com/cards/300/FSDFotjaXidI4ku_WFpVCTWS1hKGnFh1sxX0lxM43_E.png,,Dart Goblin,26000040,12,1,12,rare,3,https://api-assets.clashroyale.com/cards/300/BmpK3bqEAviflqHCdxxnfm-_l3pRPJw3qxHkwS55nCY.png,Inferno Tower,27000003,12,2,12,,rare,5,https://api-assets.clashroyale.com/cards/300/GSHY_wrooMMLET6bG_WJB8redtwx66c4i80ipi4gYOM.png,,The Log,28000011,5,1,6,legendary,2,https://api-assets.clashroyale.com/cards/300/_iDwuDLexHPFZ_x4_a0eP-rxCS6vwWgTs6DLauwwoaY.png,Mega Knight,26000055,7,2,6,legendary,https://api-assets.clashroyale.com/cards/300/O2NycChSNhn_UK9nqBXUhhC_lILkiANzPuJjtjoz0CE.png,Baby Goblins,159000003,14,14,common,https://api-assets.clashroyale.com/cards/300/UrqcN1R2AHd5t9v1OgVd_m3geRKxQ-6zzShQSERF1-U.png,,0.86,False,1,,,,,,7,,1,https://api-assets.clashroyale.com/cardevolutions/300/SoW16cY3jXBwaTDvb39DkqiVsoFVaDWbzf5QBYphJrY.png,,,,,,26,,,2101,,,2060,,,,,,,,,,,,,,,,,,,,,,,,,,,,,,,,,,,,,,,,,,,,,
trail,20240821T091737.000Z,False,168000002,Goblins 3,72000432,Goblin_Ladder,#02PP8JVLRY0V,collection,#999002QU,PlotoZypresse,3,7032,,#GRRLL92G,Actane™️,16000043,Goblin Giant,26000060,7,,1,9,1,epic,6,https://api-assets.clashroyale.com/cards/300/SoW16cY3jXBwaTDvb39DkqiVsoFVaDWbzf5QBYphJrY.png,https://api-assets.clashroyale.com/cardevolutions/300/SoW16cY3jXBwaTDvb39DkqiVsoFVaDWbzf5QBYphJrY.png,Goblin Cage,27000012,13,,,12,1,rare,4,https://api-assets.clashroyale.com/cards/300/vD24bBgK4rSq7wx5QEbuqChtPMRFviL_ep76GwQw1yA.png,https://api-assets.clashroyale.com/cardevolutions/300/vD24bBgK4rSq7wx5QEbuqChtPMRFviL_ep76GwQw1yA.png,Dart Goblin,26000040,13,2,12,rare,3,https://api-assets.clashroyale.com/cards/300/BmpK3bqEAviflqHCdxxnfm-_l3pRPJw3qxHkwS55nCY.png,Goblin Gang,26000041,15,3,14,common,3,https://api-assets.clashroyale.com/cards/300/NHflxzVAQT4oAz7eDfdueqpictb5vrWezn1nuqFhE4w.png,Goblins,26000002,13,,14,common,2,https://api-assets.clashroyale.com/cards/300/X_DQUye_OaS3QN6VC9CPw05Fit7wvSm3XegXIXKP--0.png,Goblin Demolisher,26000095,11,1,12,rare,4,https://api-assets.clashroyale.com/cards/300/KVVOgdn40xasFLYuQv8Go_U_LCV7wSG9q9eE1H7f3Qk.png,Arrows,28000001,14,2,14,,common,3,https://api-assets.clashroyale.com/cards/300/Flsoci-Y6y8ZFVi5uRFTmgkPnCmMyMVrU7YmmuPvSBo.png,,The Log,28000011,7,1,6,legendary,2,https://api-assets.clashroyale.com/cards/300/_iDwuDLexHPFZ_x4_a0eP-rxCS6vwWgTs6DLauwwoaY.png,Baby Goblins,159000003,13,14,common,https://api-assets.clashroyale.com/cards/300/UrqcN1R2AHd5t9v1OgVd_m3geRKxQ-6zzShQSERF1-U.png,,0.0,#VR2CUR80L,bogdan,,0,0,,,,,,The Log,28000011,2,,6,,legendary,2,https://api-assets.clashroyale.com/cards/300/_iDwuDLexHPFZ_x4_a0eP-rxCS6vwWgTs6DLauwwoaY.png,,Goblin Demolisher,26000095,9,,12,rare,4,https://api-assets.clashroyale.com/cards/300/KVVOgdn40xasFLYuQv8Go_U_LCV7wSG9q9eE1H7f3Qk.png,Dart Goblin,26000040,9,,12,rare,3,https://api-assets.clashroyale.com/cards/300/BmpK3bqEAviflqHCdxxnfm-_l3pRPJw3qxHkwS55nCY.png,Goblin Gang,26000041,11,,14,,common,3,https://api-assets.clashroyale.com/cards/300/NHflxzVAQT4oAz7eDfdueqpictb5vrWezn1nuqFhE4w.png,,Princess,26000026,3,,6,legendary,3,https://api-assets.clashroyale.com/cards/300/bAwMcqp9EKVIKH3ZLm_m0MqZFSG72zG-vKxpx8aKoVs.png,Rascals,26000053,11,,14,,common,5,https://api-assets.clashroyale.com/cards/300/KV48DfwVHKx9XCjzBdk3daT_Eb52Me4VgjVO7WctRc4.png,,Goblins,26000002,11,,14,common,2,https://api-assets.clashroyale.com/cards/300/X_DQUye_OaS3QN6VC9CPw05Fit7wvSm3XegXIXKP--0.png,Goblin Barrel,28000004,5,,9,epic,https://api-assets.clashroyale.com/cards/300/CoZdp5PpsTH858l212lAMeJxVJ0zxv9V-f5xC8Bvj5g.png,Baby Goblins,159000003,11,14,common,https://api-assets.clashroyale.com/cards/300/UrqcN1R2AHd5t9v1OgVd_m3geRKxQ-6zzShQSERF1-U.png,,0.0,False,1,2182,,,,,3,,,,,,,1,https://api-assets.clashroyale.com/cardevolutions/300/CoZdp5PpsTH858l212lAMeJxVJ0zxv9V-f5xC8Bvj5g.png,30,,2804,2071,,,2076,,,,,,,,,,,,,,,,,,,,,,,,,,,,,,,,,,,,,,,,,,,,,
trail,20240821T091532.000Z,False,168000002,Goblins 3,72000432,Goblin_Ladder,#02PP8JVLGVRQ,collection,#999002QU,PlotoZypresse,3,7032,,#GRRLL92G,Actane™️,16000043,Goblin Giant,26000060,7,,1,9,1,epic,6,https://api-assets.clashroyale.com/cards/300/SoW16cY3jXBwaTDvb39DkqiVsoFVaDWbzf5QBYphJrY.png,https://api-assets.clashroyale.com/cardevolutions/300/SoW16cY3jXBwaTDvb39DkqiVsoFVaDWbzf5QBYphJrY.png,Goblin Cage,27000012,13,,,12,1,rare,4,https://api-assets.clashroyale.com/cards/300/vD24bBgK4rSq7wx5QEbuqChtPMRFviL_ep76GwQw1yA.png,https://api-assets.clashroyale.com/cardevolutions/300/vD24bBgK4rSq7wx5QEbuqChtPMRFviL_ep76GwQw1yA.png,Dart Goblin,26000040,13,2,12,rare,3,https://api-assets.clashroyale.com/cards/300/BmpK3bqEAviflqHCdxxnfm-_l3pRPJw3qxHkwS55nCY.png,Goblin Gang,26000041,15,3,14,common,3,https://api-assets.clashroyale.com/cards/300/NHflxzVAQT4oAz7eDfdueqpictb5vrWezn1nuqFhE4w.png,Goblins,26000002,13,,14,common,2,https://api-assets.clashroyale.com/cards/300/X_DQUye_OaS3QN6VC9CPw05Fit7wvSm3XegXIXKP--0.png,Goblin Demolisher,26000095,11,1,12,rare,4,https://api-assets.clashroyale.com/cards/300/KVVOgdn40xasFLYuQv8Go_U_LCV7wSG9q9eE1H7f3Qk.png,Arrows,28000001,14,2,14,,common,3,https://api-assets.clashroyale.com/cards/300/Flsoci-Y6y8ZFVi5uRFTmgkPnCmMyMVrU7YmmuPvSBo.png,,The Log,28000011,7,1,6,legendary,2,https://api-assets.clashroyale.com/cards/300/_iDwuDLexHPFZ_x4_a0eP-rxCS6vwWgTs6DLauwwoaY.png,Baby Goblins,159000003,13,14,common,https://api-assets.clashroyale.com/cards/300/UrqcN1R2AHd5t9v1OgVd_m3geRKxQ-6zzShQSERF1-U.png,,0.0,#V9P2VVC8U,vijay,,0,0,,,,,,The Log,28000011,3,,6,,legendary,2,https://api-assets.clashroyale.com/cards/300/_iDwuDLexHPFZ_x4_a0eP-rxCS6vwWgTs6DLauwwoaY.png,,Goblin Curse,28000024,5,,9,epic,2,https://api-assets.clashroyale.com/cards/300/OQPfGgT5mHEUvPuKKt0plZT0PNtIjCqUgQ3Rm86dQ2k.png,Dart Goblin,26000040,9,,12,rare,3,https://api-assets.clashroyale.com/cards/300/BmpK3bqEAviflqHCdxxnfm-_l3pRPJw3qxHkwS55nCY.png,Goblin Gang,26000041,11,,14,,common,3,https://api-assets.clashroyale.com/cards/300/NHflxzVAQT4oAz7eDfdueqpictb5vrWezn1nuqFhE4w.png,,Goblin Cage,27000012,8,,12,rare,4,https://api-assets.clashroyale.com/cards/300/vD24bBgK4rSq7wx5QEbuqChtPMRFviL_ep76GwQw1yA.png,Knight,26000000,11,,14,1,common,3,https://api-assets.clashroyale.com/cards/300/jAj1Q5rclXxU9kVImGqSJxa4wEMfEhvwNQ_4jiGUuqg.png,https://api-assets.clashroyale.com/cardevolutions/300/jAj1Q5rclXxU9kVImGqSJxa4wEMfEhvwNQ_4jiGUuqg.png,Goblins,26000002,11,,14,common,2,https://api-assets.clashroyale.com/cards/300/X_DQUye_OaS3QN6VC9CPw05Fit7wvSm3XegXIXKP--0.png,Goblin Barrel,28000004,6,,9,epic,https://api-assets.clashroyale.com/cards/300/CoZdp5PpsTH858l212lAMeJxVJ0zxv9V-f5xC8Bvj5g.png,Baby Goblins,159000003,11,14,common,https://api-assets.clashroyale.com/cards/300/UrqcN1R2AHd5t9v1OgVd_m3geRKxQ-6zzShQSERF1-U.png,,0.46,False,1,3059,,,1,https://api-assets.clashroyale.com/cardevolutions/300/vD24bBgK4rSq7wx5QEbuqChtPMRFviL_ep76GwQw1yA.png,3,,,,,,,1,https://api-assets.clashroyale.com/cardevolutions/300/CoZdp5PpsTH858l212lAMeJxVJ0zxv9V-f5xC8Bvj5g.png,31,,3199,2040,,,2054,,,,,,,,,,,,,,,,,,,,,,,,,,,,,,,,,,,,,,,,,,,,,
boatBattle,20240523T102114.000Z,False,54000046,Legendary Arena,72000266,ClanWar_BoatBattle,#022P8L80QU0J,collection,#999002QU,PlotoZypresse,0,0,,#L2JR0C9,QuantumSight,16000160,X-Bow,27000008,9,3,,9,,epic,6,https://api-assets.clashroyale.com/cards/300/zVQ9Hme1hlj9Dc6e1ORl9xWwglcSrP7ejow5mAhLUJc.png,,Bats,26000049,14,2,,14,1,common,2,https://api-assets.clashroyale.com/cards/300/EnIcvO21hxiNpoI-zO6MDjLmzwPbq8Z4JPo2OKoVUjU.png,https://api-assets.clashroyale.com/cardevolutions/300/EnIcvO21hxiNpoI-zO6MDjLmzwPbq8Z4JPo2OKoVUjU.png,Archers,26000001,14,2,14,common,3,https://api-assets.clashroyale.com/cards/300/W4Hmp8MTSdXANN8KdblbtHwtsbt0o749BbxNqmJYfA8.png,Zap,28000008,14,1,14,common,2,https://api-assets.clashroyale.com/cards/300/7dxh2-yCBy1x44GrBaL29vjqnEEeJXHEAlsi5g6D1eY.png,Fireball,28000000,12,2,12,rare,4,https://api-assets.clashroyale.com/cards/300/lZD9MILQv7O-P3XBr_xOLS5idwuz3_7Ws9G60U36yhc.png,Tesla,27000006,14,2,14,common,4,https://api-assets.clashroyale.com/cards/300/OiwnGrxFMNiHetYEerE-UZt0L_uYNzFY7qV_CA_OxR4.png,Ice Spirit,26000030,14,1,14,1,common,1,https://api-assets.clashroyale.com/cards/300/lv1budiafU9XmSdrDkk0NYyqASAFYyZ06CPysXKZXlA.png,https://api-assets.clashroyale.com/cardevolutions/300/lv1budiafU9XmSdrDkk0NYyqASAFYyZ06CPysXKZXlA.png,Royal Ghost,26000050,6,1,6,legendary,3,https://api-assets.clashroyale.com/cards/300/3En2cz0ISQAaMTHY3hj3rTveFN2kJYq-H4VxvdJNvCM.png,,,,,,,,0.0,#GCLL09Q2,JOSS,,3,879,,,#Y2P92UV,Alfa Chile,16000038,Knight,26000000,14,2,14,1,common,3,https://api-assets.clashroyale.com/cards/300/jAj1Q5rclXxU9kVImGqSJxa4wEMfEhvwNQ_4jiGUuqg.png,https://api-assets.clashroyale.com/cardevolutions/300/jAj1Q5rclXxU9kVImGqSJxa4wEMfEhvwNQ_4jiGUuqg.png,Phoenix,26000087,5,,6,legendary,4,https://api-assets.clashroyale.com/cards/300/i0RoY1fs6ay7VAxyFEfZGIPnD002nAKcne9FtJsWBHM.png,Archer Queen,26000072,3,,4,champion,5,https://api-assets.clashroyale.com/cards/300/p7OQmOAFTery7zCzlpDdm-LOD1kINTm42AwIHchZfWk.png,Valkyrie,26000011,13,2,12,1,rare,4,https://api-assets.clashroyale.com/cards/300/0lIoYf3Y_plFTzo95zZL93JVxpfb3MMgFDDhgSDGU9A.png,https://api-assets.clashroyale.com/cardevolutions/300/0lIoYf3Y_plFTzo95zZL93JVxpfb3MMgFDDhgSDGU9A.png,Goblin Gang,26000041,14,2,14,common,3,https://api-assets.clashroyale.com/cards/300/NHflxzVAQT4oAz7eDfdueqpictb5vrWezn1nuqFhE4w.png,Electro Dragon,26000063,9,1,9,,epic,5,https://api-assets.clashroyale.com/cards/300/tN9h6lnMNPCNsx0LMFmvpHgznbDZ1fBRkx-C7UfNmfY.png,,The Log,28000011,5,1,6,legendary,2,https://api-assets.clashroyale.com/cards/300/_iDwuDLexHPFZ_x4_a0eP-rxCS6vwWgTs6DLauwwoaY.png,Hunter,26000044,8,,9,epic,https://api-assets.clashroyale.com/cards/300/VNabB1WKnYtYRSG7X_FZfnZjQDHTBs9A96OGMFmecrA.png,,,,,,,,10.1,False,1,,,,,,4,,,,,,,,,,,,,1,https://api-assets.clashroyale.com/cardevolutions/300/OiwnGrxFMNiHetYEerE-UZt0L_uYNzFY7qV_CA_OxR4.png,7684,1,https://api-assets.clashroyale.com/cardevolutions/300/7dxh2-yCBy1x44GrBaL29vjqnEEeJXHEAlsi5g6D1eY.png,1,https://api-assets.clashroyale.com/cardevolutions/300/W4Hmp8MTSdXANN8KdblbtHwtsbt0o749BbxNqmJYfA8.png,,,defender,False,1,2,0,Mortar,27000002,11,14,1,common,4,https://api-assets.clashroyale.com/cards/300/lPOSw6H7YOHq2miSCrf7ZDL3ANjhJdPPDYOTujdNrVE.png,https://api-assets.clashroyale.com/cardevolutions/300/lPOSw6H7YOHq2miSCrf7ZDL3ANjhJdPPDYOTujdNrVE.png,Golem,26000009,7,2,9,epic,8,https://api-assets.clashroyale.com/cards/300/npdmCnET7jmVjJvjJQkFnNSNnDxYHDBigbvIAloFMds.png,Mini P.E.K.K.A,26000018,9,12,rare,4,https://api-assets.clashroyale.com/cards/300/Fmltc4j3Ve9vO_xhHHPEO3PRP3SmU2oKp2zkZQHRZT4.png,Night Witch,26000048,4,2,6,legendary,4,https://api-assets.clashroyale.com/cards/300/NpCrXDEDBBJgNv9QrBAcJmmMFbS7pe3KCY8xJ5VB18A.png,[],[]
boatBattle,20240523T101912.000Z,False,54000046,Legendary Arena,72000266,ClanWar_BoatBattle,#022P8L80QPVR,collection,#999002QU,PlotoZypresse,0,0,,#L2JR0C9,QuantumSight,16000160,X-Bow,27000008,9,3,,9,,epic,6,https://api-assets.clashroyale.com/cards/300/zVQ9Hme1hlj9Dc6e1ORl9xWwglcSrP7ejow5mAhLUJc.png,,Bats,26000049,14,2,,14,1,common,2,https://api-assets.clashroyale.com/cards/300/EnIcvO21hxiNpoI-zO6MDjLmzwPbq8Z4JPo2OKoVUjU.png,https://api-assets.clashroyale.com/cardevolutions/300/EnIcvO21hxiNpoI-zO6MDjLmzwPbq8Z4JPo2OKoVUjU.png,Archers,26000001,14,2,14,common,3,https://api-assets.clashroyale.com/cards/300/W4Hmp8MTSdXANN8KdblbtHwtsbt0o749BbxNqmJYfA8.png,Zap,28000008,14,1,14,common,2,https://api-assets.clashroyale.com/cards/300/7dxh2-yCBy1x44GrBaL29vjqnEEeJXHEAlsi5g6D1eY.png,Fireball,28000000,12,2,12,rare,4,https://api-assets.clashroyale.com/cards/300/lZD9MILQv7O-P3XBr_xOLS5idwuz3_7Ws9G60U36yhc.png,Tesla,27000006,14,2,14,common,4,https://api-assets.clashroyale.com/cards/300/OiwnGrxFMNiHetYEerE-UZt0L_uYNzFY7qV_CA_OxR4.png,Ice Spirit,26000030,14,1,14,1,common,1,https://api-assets.clashroyale.com/cards/300/lv1budiafU9XmSdrDkk0NYyqASAFYyZ06CPysXKZXlA.png,https://api-assets.clashroyale.com/cardevolutions/300/lv1budiafU9XmSdrDkk0NYyqASAFYyZ06CPysXKZXlA.png,Royal Ghost,26000050,6,1,6,legendary,3,https://api-assets.clashroyale.com/cards/300/3En2cz0ISQAaMTHY3hj3rTveFN2kJYq-H4VxvdJNvCM.png,,,,,,,,0.0,#GCLL09Q2,JOSS,,3,661,,,#Y2P92UV,Alfa Chile,16000038,Electro Giant,26000085,9,1,9,,epic,7,https://api-assets.clashroyale.com/cards/300/_uChZkNHAMq6tPb3v6A49xinOe3CnhjstOhG6OZbPYc.png,,Cannon Cart,26000054,8,,9,epic,5,https://api-assets.clashroyale.com/cards/300/aqwxRz8HXzqlMCO4WMXNA1txynjXTsLinknqsgZLbok.png,Zap,28000008,14,1,14,common,2,https://api-assets.clashroyale.com/cards/300/7dxh2-yCBy1x44GrBaL29vjqnEEeJXHEAlsi5g6D1eY.png,Musketeer,26000014,12,2,12,,rare,4,https://api-assets.clashroyale.com/cards/300/Tex1C48UTq9FKtAX-3tzG0FJmc9jzncUZG3bb5Vf-Ds.png,,Sparky,26000033,5,1,6,legendary,6,https://api-assets.clashroyale.com/cards/300/2GKMkBrArZXgQxf2ygFjDs4VvGYPbx8F6Lj_68iVhIM.png,Rascals,26000053,13,2,14,,common,5,https://api-assets.clashroyale.com/cards/300/KV48DfwVHKx9XCjzBdk3daT_Eb52Me4VgjVO7WctRc4.png,,Fireball,28000000,13,2,12,rare,4,https://api-assets.clashroyale.com/cards/300/lZD9MILQv7O-P3XBr_xOLS5idwuz3_7Ws9G60U36yhc.png,Zappies,26000052,11,,12,rare,https://api-assets.clashroyale.com/cards/300/QZfHRpLRmutZbCr5fpLnTpIp89vLI6NrAwzGZ8tHEc4.png,,,,,,,,22.41,False,1,,1,https://api-assets.clashroyale.com/cardevolutions/300/7dxh2-yCBy1x44GrBaL29vjqnEEeJXHEAlsi5g6D1eY.png,,,4,,,,,,,,,,,,,1,https://api-assets.clashroyale.com/cardevolutions/300/OiwnGrxFMNiHetYEerE-UZt0L_uYNzFY7qV_CA_OxR4.png,7684,1,https://api-assets.clashroyale.com/cardevolutions/300/7dxh2-yCBy1x44GrBaL29vjqnEEeJXHEAlsi5g6D1eY.png,1,https://api-assets.clashroyale.com/cardevolutions/300/W4Hmp8MTSdXANN8KdblbtHwtsbt0o749BbxNqmJYfA8.png,,,defender,False,2,0,1,Mortar,27000002,11,14,1,common,4,https://api-assets.clashroyale.com/cards/300/lPOSw6H7YOHq2miSCrf7ZDL3ANjhJdPPDYOTujdNrVE.png,https://api-assets.clashroyale.com/cardevolutions/300/lPOSw6H7YOHq2miSCrf7ZDL3ANjhJdPPDYOTujdNrVE.png,Golem,26000009,7,2,9,epic,8,https://api-assets.clashroyale.com/cards/300/npdmCnET7jmVjJvjJQkFnNSNnDxYHDBigbvIAloFMds.png,Mini P.E.K.K.A,26000018,9,12,rare,4,https://api-assets.clashroyale.com/cards/300/Fmltc4j3Ve9vO_xhHHPEO3PRP3SmU2oKp2zkZQHRZT4.png,Night Witch,26000048,4,2,6,legendary,4,https://api-assets.clashroyale.com/cards/300/NpCrXDEDBBJgNv9QrBAcJmmMFbS7pe3KCY8xJ5VB18A.png,[],[]
